source,source_id,layover,layover_id,dest,dest_id
LEX,4017,ORD,3830,BRL,5726
LEX,4017,ORD,3830,DEC,4042
LEX,4017,ATL,3682,LWB,6958
LEX,4017,ATL,3682,MCN,3754
LEX,4017,ATL,3682,MEI,4335
LEX,4017,ATL,3682,MSL,5756
LEX,4017,ATL,3682,PIB,5759
LEX,4017,ATL,3682,TUP,5773
LEX,4017,FLL,3533,BIM,1937
LEX,4017,FLL,3533,ELH,1943
LEX,4017,FLL,3533,EYW,3875
LEX,4017,FLL,3533,FPO,1948
LEX,4017,FLL,3533,GGT,1941
LEX,4017,FLL,3533,GHB,1944
LEX,4017,FLL,3533,MCO,3878
LEX,4017,FLL,3533,MHH,1930
LEX,4017,FLL,3533,TCB,1934
LEX,4017,FLL,3533,TPA,3646
LEX,4017,DFW,3670,EZE,3988
LEX,4017,CLT,3876,CUR,2897
LEX,4017,ATL,3682,AZO,4039
LEX,4017,ATL,3682,CHA,3578
LEX,4017,ATL,3682,CID,4043
LEX,4017,ATL,3682,CRW,4285
LEX,4017,ATL,3682,CVG,3488
LEX,4017,ATL,3682,EVV,4018
LEX,4017,ATL,3682,FWA,4041
LEX,4017,ATL,3682,GSO,4008
LEX,4017,ATL,3682,GSP,4034
LEX,4017,ATL,3682,LAN,3544
LEX,4017,ATL,3682,LEX,4017
LEX,4017,ATL,3682,MBS,4128
LEX,4017,ATL,3682,MSP,3858
LEX,4017,ATL,3682,ROA,4016
LEX,4017,ATL,3682,SYR,3745
LEX,4017,ATL,3682,TYS,3676
LEX,4017,ATL,3682,XNA,4356
LEX,4017,DTW,3645,MSY,3861
LEX,4017,LGA,3697,MSY,3861
LEX,4017,MSP,3858,ATL,3682
LEX,4017,MSP,3858,MSY,3861
LEX,4017,ATL,3682,CLT,3876
LEX,4017,ATL,3682,DFW,3670
LEX,4017,ATL,3682,LHR,507
LEX,4017,ATL,3682,MIA,3576
LEX,4017,ATL,3682,ORD,3830
LEX,4017,ATL,3682,PHL,3752
LEX,4017,ATL,3682,PHX,3462
LEX,4017,CLT,3876,ABE,4355
LEX,4017,CLT,3876,AGS,3658
LEX,4017,CLT,3876,ALB,3864
LEX,4017,CLT,3876,ANU,2874
LEX,4017,CLT,3876,ATL,3682
LEX,4017,CLT,3876,AUA,2895
LEX,4017,CLT,3876,AUS,3673
LEX,4017,CLT,3876,AVL,4007
LEX,4017,CLT,3876,AVP,4286
LEX,4017,CLT,3876,BDL,3825
LEX,4017,CLT,3876,BHM,3811
LEX,4017,CLT,3876,BNA,3690
LEX,4017,CLT,3876,BOS,3448
LEX,4017,CLT,3876,BTR,3846
LEX,4017,CLT,3876,BUF,3820
LEX,4017,CLT,3876,BWI,3849
LEX,4017,CLT,3876,BZE,1957
LEX,4017,CLT,3876,CAE,3561
LEX,4017,CLT,3876,CAK,4112
LEX,4017,CLT,3876,CDG,1382
LEX,4017,CLT,3876,CHA,3578
LEX,4017,CLT,3876,CHO,4015
LEX,4017,CLT,3876,CHS,3806
LEX,4017,CLT,3876,CLE,3486
LEX,4017,CLT,3876,CMH,3759
LEX,4017,CLT,3876,CRW,4285
LEX,4017,CLT,3876,CUN,1852
LEX,4017,CLT,3876,CVG,3488
LEX,4017,CLT,3876,CZM,1800
LEX,4017,CLT,3876,DAB,3950
LEX,4017,CLT,3876,DAY,3627
LEX,4017,CLT,3876,DCA,3520
LEX,4017,CLT,3876,DEN,3751
LEX,4017,CLT,3876,DFW,3670
LEX,4017,CLT,3876,DSM,3729
LEX,4017,CLT,3876,DTW,3645
LEX,4017,CLT,3876,DUB,599
LEX,4017,CLT,3876,EWN,3730
LEX,4017,CLT,3876,EWR,3494
LEX,4017,CLT,3876,FAY,5738
LEX,4017,CLT,3876,FCO,1555
LEX,4017,CLT,3876,FLL,3533
LEX,4017,CLT,3876,FLO,3879
LEX,4017,CLT,3876,FPO,1948
LEX,4017,CLT,3876,FRA,340
LEX,4017,CLT,3876,GCM,1926
LEX,4017,CLT,3876,GNV,3472
LEX,4017,CLT,3876,GPT,4038
LEX,4017,CLT,3876,GRU,2564
LEX,4017,CLT,3876,GSO,4008
LEX,4017,CLT,3876,GSP,4034
LEX,4017,CLT,3876,HHH,8314
LEX,4017,CLT,3876,HPN,3589
LEX,4017,CLT,3876,HSV,4113
LEX,4017,CLT,3876,HTS,5742
LEX,4017,CLT,3876,IAD,3714
LEX,4017,CLT,3876,IAH,3550
LEX,4017,CLT,3876,ILM,3845
LEX,4017,CLT,3876,IND,3585
LEX,4017,CLT,3876,JAN,3580
LEX,4017,CLT,3876,JAX,3712
LEX,4017,CLT,3876,JFK,3797
LEX,4017,CLT,3876,LAS,3877
LEX,4017,CLT,3876,LAX,3484
LEX,4017,CLT,3876,LEX,4017
LEX,4017,CLT,3876,LGA,3697
LEX,4017,CLT,3876,LHR,507
LEX,4017,CLT,3876,LIR,1881
LEX,4017,CLT,3876,LIT,3660
LEX,4017,CLT,3876,LYH,5753
LEX,4017,CLT,3876,MBJ,1780
LEX,4017,CLT,3876,MCI,3458
LEX,4017,CLT,3876,MCO,3878
LEX,4017,CLT,3876,MDT,3542
LEX,4017,CLT,3876,MEM,3473
LEX,4017,CLT,3876,MEX,1824
LEX,4017,CLT,3876,MGM,4115
LEX,4017,CLT,3876,MHT,4011
LEX,4017,CLT,3876,MIA,3576
LEX,4017,CLT,3876,MKE,3717
LEX,4017,CLT,3876,MLB,3671
LEX,4017,CLT,3876,MOB,3782
LEX,4017,CLT,3876,MSP,3858
LEX,4017,CLT,3876,MSY,3861
LEX,4017,CLT,3876,MYR,3515
LEX,4017,CLT,3876,NAS,1953
LEX,4017,CLT,3876,OAJ,4386
LEX,4017,CLT,3876,OMA,3454
LEX,4017,CLT,3876,ORD,3830
LEX,4017,CLT,3876,ORF,3611
LEX,4017,CLT,3876,PBI,3722
LEX,4017,CLT,3876,PDX,3720
LEX,4017,CLT,3876,PGV,6959
LEX,4017,CLT,3876,PHF,3633
LEX,4017,CLT,3876,PHL,3752
LEX,4017,CLT,3876,PHX,3462
LEX,4017,CLT,3876,PIT,3570
LEX,4017,CLT,3876,PLS,1754
LEX,4017,CLT,3876,PNS,3564
LEX,4017,CLT,3876,PUJ,1760
LEX,4017,CLT,3876,PVD,3641
LEX,4017,CLT,3876,PWM,3862
LEX,4017,CLT,3876,RDU,3626
LEX,4017,CLT,3876,RIC,3608
LEX,4017,CLT,3876,ROA,4016
LEX,4017,CLT,3876,ROC,3622
LEX,4017,CLT,3876,RSW,3793
LEX,4017,CLT,3876,SAN,3731
LEX,4017,CLT,3876,SAT,3621
LEX,4017,CLT,3876,SAV,3613
LEX,4017,CLT,3876,SBY,3642
LEX,4017,CLT,3876,SDF,4014
LEX,4017,CLT,3876,SEA,3577
LEX,4017,CLT,3876,SFO,3469
LEX,4017,CLT,3876,SJD,1840
LEX,4017,CLT,3876,SJO,1885
LEX,4017,CLT,3876,SJU,2890
LEX,4017,CLT,3876,SLC,3536
LEX,4017,CLT,3876,SMF,3817
LEX,4017,CLT,3876,SRQ,4067
LEX,4017,CLT,3876,STL,3678
LEX,4017,CLT,3876,STT,2883
LEX,4017,CLT,3876,SXM,2899
LEX,4017,CLT,3876,SYR,3745
LEX,4017,CLT,3876,TLH,3698
LEX,4017,CLT,3876,TPA,3646
LEX,4017,CLT,3876,TRI,4116
LEX,4017,CLT,3876,TYS,3676
LEX,4017,CLT,3876,UVF,2894
LEX,4017,CLT,3876,VPS,3873
LEX,4017,CLT,3876,XNA,4356
LEX,4017,CLT,3876,YOW,100
LEX,4017,CLT,3876,YUL,146
LEX,4017,CLT,3876,YYZ,193
LEX,4017,DCA,3520,AGS,3658
LEX,4017,DCA,3520,ALB,3864
LEX,4017,DCA,3520,BDL,3825
LEX,4017,DCA,3520,BGR,3463
LEX,4017,DCA,3520,BHM,3811
LEX,4017,DCA,3520,BNA,3690
LEX,4017,DCA,3520,BOS,3448
LEX,4017,DCA,3520,BTV,3711
LEX,4017,DCA,3520,BUF,3820
LEX,4017,DCA,3520,CAE,3561
LEX,4017,DCA,3520,CAK,4112
LEX,4017,DCA,3520,CHA,3578
LEX,4017,DCA,3520,CHS,3806
LEX,4017,DCA,3520,CLT,3876
LEX,4017,DCA,3520,CMH,3759
LEX,4017,DCA,3520,CRW,4285
LEX,4017,DCA,3520,CVG,3488
LEX,4017,DCA,3520,DAY,3627
LEX,4017,DCA,3520,DFW,3670
LEX,4017,DCA,3520,DSM,3729
LEX,4017,DCA,3520,DTW,3645
LEX,4017,DCA,3520,FAY,5738
LEX,4017,DCA,3520,FLL,3533
LEX,4017,DCA,3520,GSO,4008
LEX,4017,DCA,3520,GSP,4034
LEX,4017,DCA,3520,HHH,8314
LEX,4017,DCA,3520,HPN,3589
LEX,4017,DCA,3520,HSV,4113
LEX,4017,DCA,3520,ILM,3845
LEX,4017,DCA,3520,IND,3585
LEX,4017,DCA,3520,ISP,3857
LEX,4017,DCA,3520,JAN,3580
LEX,4017,DCA,3520,JAX,3712
LEX,4017,DCA,3520,JFK,3797
LEX,4017,DCA,3520,LAS,3877
LEX,4017,DCA,3520,LAX,3484
LEX,4017,DCA,3520,LGA,3697
LEX,4017,DCA,3520,LIT,3660
LEX,4017,DCA,3520,MCI,3458
LEX,4017,DCA,3520,MCO,3878
LEX,4017,DCA,3520,MEM,3473
LEX,4017,DCA,3520,MHT,4011
LEX,4017,DCA,3520,MIA,3576
LEX,4017,DCA,3520,MSP,3858
LEX,4017,DCA,3520,MSY,3861
LEX,4017,DCA,3520,MYR,3515
LEX,4017,DCA,3520,NAS,1953
LEX,4017,DCA,3520,OAJ,4386
LEX,4017,DCA,3520,OMA,3454
LEX,4017,DCA,3520,ORD,3830
LEX,4017,DCA,3520,ORF,3611
LEX,4017,DCA,3520,PBI,3722
LEX,4017,DCA,3520,PDX,3720
LEX,4017,DCA,3520,PHL,3752
LEX,4017,DCA,3520,PHX,3462
LEX,4017,DCA,3520,PIT,3570
LEX,4017,DCA,3520,PNS,3564
LEX,4017,DCA,3520,PVD,3641
LEX,4017,DCA,3520,PWM,3862
LEX,4017,DCA,3520,RDU,3626
LEX,4017,DCA,3520,ROC,3622
LEX,4017,DCA,3520,RSW,3793
LEX,4017,DCA,3520,SAN,3731
LEX,4017,DCA,3520,SAV,3613
LEX,4017,DCA,3520,SDF,4014
LEX,4017,DCA,3520,SRQ,4067
LEX,4017,DCA,3520,STL,3678
LEX,4017,DCA,3520,SYR,3745
LEX,4017,DCA,3520,TLH,3698
LEX,4017,DCA,3520,TPA,3646
LEX,4017,DCA,3520,TYS,3676
LEX,4017,DCA,3520,VPS,3873
LEX,4017,DCA,3520,YHZ,73
LEX,4017,DCA,3520,YUL,146
LEX,4017,DCA,3520,YYZ,193
LEX,4017,DFW,3670,ABI,3718
LEX,4017,DFW,3670,ABQ,4019
LEX,4017,DFW,3670,ACT,3700
LEX,4017,DFW,3670,AEX,3852
LEX,4017,DFW,3670,AGU,1785
LEX,4017,DFW,3670,AMA,3840
LEX,4017,DFW,3670,ATL,3682
LEX,4017,DFW,3670,AUS,3673
LEX,4017,DFW,3670,BDL,3825
LEX,4017,DFW,3670,BHM,3811
LEX,4017,DFW,3670,BJX,1815
LEX,4017,DFW,3670,BMI,4037
LEX,4017,DFW,3670,BNA,3690
LEX,4017,DFW,3670,BNE,3320
LEX,4017,DFW,3670,BOG,2709
LEX,4017,DFW,3670,BOS,3448
LEX,4017,DFW,3670,BPT,3612
LEX,4017,DFW,3670,BRO,3738
LEX,4017,DFW,3670,BTR,3846
LEX,4017,DFW,3670,BWI,3849
LEX,4017,DFW,3670,BZE,1957
LEX,4017,DFW,3670,CAE,3561
LEX,4017,DFW,3670,CCS,2851
LEX,4017,DFW,3670,CDG,1382
LEX,4017,DFW,3670,CHA,3578
LEX,4017,DFW,3670,CHS,3806
LEX,4017,DFW,3670,CID,4043
LEX,4017,DFW,3670,CLE,3486
LEX,4017,DFW,3670,CLL,3715
LEX,4017,DFW,3670,CLT,3876
LEX,4017,DFW,3670,CMH,3759
LEX,4017,DFW,3670,CMI,4049
LEX,4017,DFW,3670,COS,3819
LEX,4017,DFW,3670,COU,3719
LEX,4017,DFW,3670,CRP,3744
LEX,4017,DFW,3670,CRW,4285
LEX,4017,DFW,3670,CUN,1852
LEX,4017,DFW,3670,CUU,1797
LEX,4017,DFW,3670,CVG,3488
LEX,4017,DFW,3670,CZM,1800
LEX,4017,DFW,3670,DAY,3627
LEX,4017,DFW,3670,DCA,3520
LEX,4017,DFW,3670,DEN,3751
LEX,4017,DFW,3670,DRO,3713
LEX,4017,DFW,3670,DSM,3729
LEX,4017,DFW,3670,DTW,3645
LEX,4017,DFW,3670,ELP,3559
LEX,4017,DFW,3670,EVV,4018
LEX,4017,DFW,3670,EWR,3494
LEX,4017,DFW,3670,EZE,3988
LEX,4017,DFW,3670,FAR,4292
LEX,4017,DFW,3670,FAT,3687
LEX,4017,DFW,3670,FLL,3533
LEX,4017,DFW,3670,FRA,340
LEX,4017,DFW,3670,FSD,4009
LEX,4017,DFW,3670,FSM,3437
LEX,4017,DFW,3670,FWA,4041
LEX,4017,DFW,3670,GCK,3497
LEX,4017,DFW,3670,GDL,1804
LEX,4017,DFW,3670,GGG,3465
LEX,4017,DFW,3670,GIG,2560
LEX,4017,DFW,3670,GJT,4063
LEX,4017,DFW,3670,GPT,4038
LEX,4017,DFW,3670,GRI,5740
LEX,4017,DFW,3670,GRK,3775
LEX,4017,DFW,3670,GRR,3685
LEX,4017,DFW,3670,GRU,2564
LEX,4017,DFW,3670,GSO,4008
LEX,4017,DFW,3670,GSP,4034
LEX,4017,DFW,3670,GUA,1767
LEX,4017,DFW,3670,HNL,3728
LEX,4017,DFW,3670,HOU,3566
LEX,4017,DFW,3670,HSV,4113
LEX,4017,DFW,3670,IAD,3714
LEX,4017,DFW,3670,IAH,3550
LEX,4017,DFW,3670,ICN,3930
LEX,4017,DFW,3670,ICT,3457
LEX,4017,DFW,3670,IND,3585
LEX,4017,DFW,3670,JAN,3580
LEX,4017,DFW,3670,JAX,3712
LEX,4017,DFW,3670,JFK,3797
LEX,4017,DFW,3670,JLN,4354
LEX,4017,DFW,3670,LAS,3877
LEX,4017,DFW,3670,LAW,4256
LEX,4017,DFW,3670,LAX,3484
LEX,4017,DFW,3670,LBB,3829
LEX,4017,DFW,3670,LCH,3513
LEX,4017,DFW,3670,LEX,4017
LEX,4017,DFW,3670,LFT,3493
LEX,4017,DFW,3670,LGA,3697
LEX,4017,DFW,3670,LHR,507
LEX,4017,DFW,3670,LIM,2789
LEX,4017,DFW,3670,LIR,1881
LEX,4017,DFW,3670,LIT,3660
LEX,4017,DFW,3670,LRD,3691
LEX,4017,DFW,3670,MAD,1229
LEX,4017,DFW,3670,MAF,3652
LEX,4017,DFW,3670,MBJ,1780
LEX,4017,DFW,3670,MCI,3458
LEX,4017,DFW,3670,MCO,3878
LEX,4017,DFW,3670,MEM,3473
LEX,4017,DFW,3670,MEX,1824
LEX,4017,DFW,3670,MFE,3826
LEX,4017,DFW,3670,MGM,4115
LEX,4017,DFW,3670,MHK,4050
LEX,4017,DFW,3670,MIA,3576
LEX,4017,DFW,3670,MKE,3717
LEX,4017,DFW,3670,MLI,4072
LEX,4017,DFW,3670,MLM,1821
LEX,4017,DFW,3670,MLU,3732
LEX,4017,DFW,3670,MOB,3782
LEX,4017,DFW,3670,MSN,3459
LEX,4017,DFW,3670,MSP,3858
LEX,4017,DFW,3670,MSY,3861
LEX,4017,DFW,3670,MTY,1825
LEX,4017,DFW,3670,MZT,1826
LEX,4017,DFW,3670,NAS,1953
LEX,4017,DFW,3670,NRT,2279
LEX,4017,DFW,3670,OGG,3456
LEX,4017,DFW,3670,OKC,3863
LEX,4017,DFW,3670,OMA,3454
LEX,4017,DFW,3670,ONT,3734
LEX,4017,DFW,3670,ORD,3830
LEX,4017,DFW,3670,ORF,3611
LEX,4017,DFW,3670,PBC,1831
LEX,4017,DFW,3670,PBI,3722
LEX,4017,DFW,3670,PDX,3720
LEX,4017,DFW,3670,PHL,3752
LEX,4017,DFW,3670,PHX,3462
LEX,4017,DFW,3670,PIA,4046
LEX,4017,DFW,3670,PIT,3570
LEX,4017,DFW,3670,PLS,1754
LEX,4017,DFW,3670,PNS,3564
LEX,4017,DFW,3670,PSP,3839
LEX,4017,DFW,3670,PTY,1871
LEX,4017,DFW,3670,PVR,1836
LEX,4017,DFW,3670,QRO,1838
LEX,4017,DFW,3670,RAP,4087
LEX,4017,DFW,3670,RDU,3626
LEX,4017,DFW,3670,RIC,3608
LEX,4017,DFW,3670,RNO,3807
LEX,4017,DFW,3670,ROW,3736
LEX,4017,DFW,3670,RSW,3793
LEX,4017,DFW,3670,RTB,1774
LEX,4017,DFW,3670,SAF,3784
LEX,4017,DFW,3670,SAL,1892
LEX,4017,DFW,3670,SAN,3731
LEX,4017,DFW,3670,SAT,3621
LEX,4017,DFW,3670,SAV,3613
LEX,4017,DFW,3670,SCL,2650
LEX,4017,DFW,3670,SDF,4014
LEX,4017,DFW,3670,SEA,3577
LEX,4017,DFW,3670,SFO,3469
LEX,4017,DFW,3670,SGF,4348
LEX,4017,DFW,3670,SHV,3609
LEX,4017,DFW,3670,SJC,3748
LEX,4017,DFW,3670,SJD,1840
LEX,4017,DFW,3670,SJO,1885
LEX,4017,DFW,3670,SJT,3708
LEX,4017,DFW,3670,SJU,2890
LEX,4017,DFW,3670,SLC,3536
LEX,4017,DFW,3670,SLP,1842
LEX,4017,DFW,3670,SMF,3817
LEX,4017,DFW,3670,SNA,3867
LEX,4017,DFW,3670,SPI,4336
LEX,4017,DFW,3670,SPS,3680
LEX,4017,DFW,3670,STL,3678
LEX,4017,DFW,3670,TLH,3698
LEX,4017,DFW,3670,TPA,3646
LEX,4017,DFW,3670,TRC,1845
LEX,4017,DFW,3670,TUL,3855
LEX,4017,DFW,3670,TUS,3636
LEX,4017,DFW,3670,TXK,3770
LEX,4017,DFW,3670,TYR,3848
LEX,4017,DFW,3670,TYS,3676
LEX,4017,DFW,3670,VPS,3873
LEX,4017,DFW,3670,XNA,4356
LEX,4017,DFW,3670,YEG,49
LEX,4017,DFW,3670,YUL,146
LEX,4017,DFW,3670,YVR,156
LEX,4017,DFW,3670,YYC,178
LEX,4017,DFW,3670,YYZ,193
LEX,4017,DFW,3670,ZCL,1855
LEX,4017,DTW,3645,CLT,3876
LEX,4017,DTW,3645,DCA,3520
LEX,4017,DTW,3645,DFW,3670
LEX,4017,DTW,3645,LGA,3697
LEX,4017,DTW,3645,MIA,3576
LEX,4017,DTW,3645,ORD,3830
LEX,4017,DTW,3645,PHL,3752
LEX,4017,DTW,3645,PHX,3462
LEX,4017,DTW,3645,YUL,146
LEX,4017,FLL,3533,CLT,3876
LEX,4017,FLL,3533,DCA,3520
LEX,4017,FLL,3533,DFW,3670
LEX,4017,FLL,3533,ORD,3830
LEX,4017,FLL,3533,PAP,1897
LEX,4017,FLL,3533,PHL,3752
LEX,4017,FLL,3533,PHX,3462
LEX,4017,IAH,3550,CLT,3876
LEX,4017,IAH,3550,DFW,3670
LEX,4017,IAH,3550,DOH,11051
LEX,4017,IAH,3550,LAX,3484
LEX,4017,IAH,3550,LHR,507
LEX,4017,IAH,3550,MIA,3576
LEX,4017,IAH,3550,ORD,3830
LEX,4017,IAH,3550,PHL,3752
LEX,4017,IAH,3550,PHX,3462
LEX,4017,LGA,3697,BNA,3690
LEX,4017,LGA,3697,BOS,3448
LEX,4017,LGA,3697,CHO,4015
LEX,4017,LGA,3697,CLT,3876
LEX,4017,LGA,3697,CMH,3759
LEX,4017,LGA,3697,DAY,3627
LEX,4017,LGA,3697,DCA,3520
LEX,4017,LGA,3697,DFW,3670
LEX,4017,LGA,3697,DTW,3645
LEX,4017,LGA,3697,GSO,4008
LEX,4017,LGA,3697,ILM,3845
LEX,4017,LGA,3697,LIT,3660
LEX,4017,LGA,3697,MIA,3576
LEX,4017,LGA,3697,ORD,3830
LEX,4017,LGA,3697,ORF,3611
LEX,4017,LGA,3697,PBI,3722
LEX,4017,LGA,3697,PHL,3752
LEX,4017,LGA,3697,PIT,3570
LEX,4017,LGA,3697,RDU,3626
LEX,4017,LGA,3697,RIC,3608
LEX,4017,LGA,3697,ROA,4016
LEX,4017,LGA,3697,SDF,4014
LEX,4017,LGA,3697,STL,3678
LEX,4017,LGA,3697,TYS,3676
LEX,4017,LGA,3697,XNA,4356
LEX,4017,LGA,3697,YUL,146
LEX,4017,LGA,3697,YYZ,193
LEX,4017,MSP,3858,CLT,3876
LEX,4017,MSP,3858,DCA,3520
LEX,4017,MSP,3858,DFW,3670
LEX,4017,MSP,3858,MIA,3576
LEX,4017,MSP,3858,ORD,3830
LEX,4017,MSP,3858,PHL,3752
LEX,4017,MSP,3858,PHX,3462
LEX,4017,ORD,3830,ABQ,4019
LEX,4017,ORD,3830,ALO,5718
LEX,4017,ORD,3830,AMM,2170
LEX,4017,ORD,3830,ART,3838
LEX,4017,ORD,3830,ATL,3682
LEX,4017,ORD,3830,AUH,2179
LEX,4017,ORD,3830,AUS,3673
LEX,4017,ORD,3830,AZO,4039
LEX,4017,ORD,3830,BDL,3825
LEX,4017,ORD,3830,BMI,4037
LEX,4017,ORD,3830,BNA,3690
LEX,4017,ORD,3830,BOS,3448
LEX,4017,ORD,3830,BUF,3820
LEX,4017,ORD,3830,BWI,3849
LEX,4017,ORD,3830,CDG,1382
LEX,4017,ORD,3830,CHA,3578
LEX,4017,ORD,3830,CHO,4015
LEX,4017,ORD,3830,CID,4043
LEX,4017,ORD,3830,CLE,3486
LEX,4017,ORD,3830,CLT,3876
LEX,4017,ORD,3830,CMH,3759
LEX,4017,ORD,3830,CMI,4049
LEX,4017,ORD,3830,COU,3719
LEX,4017,ORD,3830,CUN,1852
LEX,4017,ORD,3830,CVG,3488
LEX,4017,ORD,3830,CWA,4045
LEX,4017,ORD,3830,DAY,3627
LEX,4017,ORD,3830,DBQ,4388
LEX,4017,ORD,3830,DCA,3520
LEX,4017,ORD,3830,DEN,3751
LEX,4017,ORD,3830,DFW,3670
LEX,4017,ORD,3830,DOH,11051
LEX,4017,ORD,3830,DSM,3729
LEX,4017,ORD,3830,DTW,3645
LEX,4017,ORD,3830,DUB,599
LEX,4017,ORD,3830,DUS,345
LEX,4017,ORD,3830,ELP,3559
LEX,4017,ORD,3830,EVV,4018
LEX,4017,ORD,3830,EWR,3494
LEX,4017,ORD,3830,FAR,4292
LEX,4017,ORD,3830,FCO,1555
LEX,4017,ORD,3830,FLL,3533
LEX,4017,ORD,3830,FNT,4089
LEX,4017,ORD,3830,FSD,4009
LEX,4017,ORD,3830,FWA,4041
LEX,4017,ORD,3830,GRB,3653
LEX,4017,ORD,3830,GRR,3685
LEX,4017,ORD,3830,HKG,3077
LEX,4017,ORD,3830,HPN,3589
LEX,4017,ORD,3830,HSV,4113
LEX,4017,ORD,3830,IAH,3550
LEX,4017,ORD,3830,ICT,3457
LEX,4017,ORD,3830,IND,3585
LEX,4017,ORD,3830,JAX,3712
LEX,4017,ORD,3830,JFK,3797
LEX,4017,ORD,3830,LAS,3877
LEX,4017,ORD,3830,LAX,3484
LEX,4017,ORD,3830,LEX,4017
LEX,4017,ORD,3830,LGA,3697
LEX,4017,ORD,3830,LHR,507
LEX,4017,ORD,3830,LIT,3660
LEX,4017,ORD,3830,LSE,4044
LEX,4017,ORD,3830,MAD,1229
LEX,4017,ORD,3830,MAN,478
LEX,4017,ORD,3830,MBJ,1780
LEX,4017,ORD,3830,MCI,3458
LEX,4017,ORD,3830,MCO,3878
LEX,4017,ORD,3830,MDT,3542
LEX,4017,ORD,3830,MEM,3473
LEX,4017,ORD,3830,MEX,1824
LEX,4017,ORD,3830,MHK,4050
LEX,4017,ORD,3830,MIA,3576
LEX,4017,ORD,3830,MKE,3717
LEX,4017,ORD,3830,MLI,4072
LEX,4017,ORD,3830,MQT,3675
LEX,4017,ORD,3830,MSN,3459
LEX,4017,ORD,3830,MSP,3858
LEX,4017,ORD,3830,MSY,3861
LEX,4017,ORD,3830,NRT,2279
LEX,4017,ORD,3830,OKC,3863
LEX,4017,ORD,3830,OMA,3454
LEX,4017,ORD,3830,PBI,3722
LEX,4017,ORD,3830,PDX,3720
LEX,4017,ORD,3830,PEK,3364
LEX,4017,ORD,3830,PHL,3752
LEX,4017,ORD,3830,PHX,3462
LEX,4017,ORD,3830,PIA,4046
LEX,4017,ORD,3830,PIT,3570
LEX,4017,ORD,3830,PSP,3839
LEX,4017,ORD,3830,PVG,3406
LEX,4017,ORD,3830,PVR,1836
LEX,4017,ORD,3830,RDU,3626
LEX,4017,ORD,3830,RIC,3608
LEX,4017,ORD,3830,RNO,3807
LEX,4017,ORD,3830,ROC,3622
LEX,4017,ORD,3830,RST,4048
LEX,4017,ORD,3830,RSW,3793
LEX,4017,ORD,3830,SAN,3731
LEX,4017,ORD,3830,SAT,3621
LEX,4017,ORD,3830,SDF,4014
LEX,4017,ORD,3830,SEA,3577
LEX,4017,ORD,3830,SFO,3469
LEX,4017,ORD,3830,SGF,4348
LEX,4017,ORD,3830,SJC,3748
LEX,4017,ORD,3830,SJD,1840
LEX,4017,ORD,3830,SJU,2890
LEX,4017,ORD,3830,SLC,3536
LEX,4017,ORD,3830,SNA,3867
LEX,4017,ORD,3830,STL,3678
LEX,4017,ORD,3830,SUX,3753
LEX,4017,ORD,3830,SYR,3745
LEX,4017,ORD,3830,TOL,4040
LEX,4017,ORD,3830,TPA,3646
LEX,4017,ORD,3830,TUL,3855
LEX,4017,ORD,3830,TUS,3636
LEX,4017,ORD,3830,TVC,4023
LEX,4017,ORD,3830,TXL,351
LEX,4017,ORD,3830,TYS,3676
LEX,4017,ORD,3830,XNA,4356
LEX,4017,ORD,3830,YKF,79
LEX,4017,ORD,3830,YUL,146
LEX,4017,ORD,3830,YVR,156
LEX,4017,ORD,3830,YYC,178
LEX,4017,ORD,3830,YYZ,193
LEX,4017,DFW,3670,FRA,340
LEX,4017,ORD,3830,DUS,345
LEX,4017,ORD,3830,TXL,351
LEX,4017,ATL,3682,DEN,3751
LEX,4017,ATL,3682,YYZ,193
LEX,4017,CLT,3876,YYZ,193
LEX,4017,DCA,3520,YOW,100
LEX,4017,DCA,3520,YUL,146
LEX,4017,DCA,3520,YYZ,193
LEX,4017,DFW,3670,YYZ,193
LEX,4017,DTW,3645,YYZ,193
LEX,4017,FLL,3533,YUL,146
LEX,4017,FLL,3533,YYZ,193
LEX,4017,IAH,3550,MSY,3861
LEX,4017,IAH,3550,YEG,49
LEX,4017,IAH,3550,YUL,146
LEX,4017,IAH,3550,YYC,178
LEX,4017,IAH,3550,YYZ,193
LEX,4017,LGA,3697,YOW,100
LEX,4017,LGA,3697,YUL,146
LEX,4017,LGA,3697,YYZ,193
LEX,4017,MSP,3858,YYZ,193
LEX,4017,ORD,3830,MSY,3861
LEX,4017,ORD,3830,YEG,49
LEX,4017,ORD,3830,YHZ,73
LEX,4017,ORD,3830,YOW,100
LEX,4017,ORD,3830,YQB,111
LEX,4017,ORD,3830,YQR,120
LEX,4017,ORD,3830,YUL,146
LEX,4017,ORD,3830,YVR,156
LEX,4017,ORD,3830,YWG,160
LEX,4017,ORD,3830,YXU,174
LEX,4017,ORD,3830,YYC,178
LEX,4017,ORD,3830,YYZ,193
LEX,4017,ATL,3682,ABE,4355
LEX,4017,ATL,3682,ABQ,4019
LEX,4017,ATL,3682,ABY,5715
LEX,4017,ATL,3682,AEX,3852
LEX,4017,ATL,3682,AGS,3658
LEX,4017,ATL,3682,ALB,3864
LEX,4017,ATL,3682,ATW,4047
LEX,4017,ATL,3682,AUS,3673
LEX,4017,ATL,3682,AVL,4007
LEX,4017,ATL,3682,AVP,4286
LEX,4017,ATL,3682,BDL,3825
LEX,4017,ATL,3682,BHM,3811
LEX,4017,ATL,3682,BMI,4037
LEX,4017,ATL,3682,BNA,3690
LEX,4017,ATL,3682,BOS,3448
LEX,4017,ATL,3682,BQK,5725
LEX,4017,ATL,3682,BRU,302
LEX,4017,ATL,3682,BTR,3846
LEX,4017,ATL,3682,BTV,3711
LEX,4017,ATL,3682,BUF,3820
LEX,4017,ATL,3682,BWI,3849
LEX,4017,ATL,3682,CAE,3561
LEX,4017,ATL,3682,CAK,4112
LEX,4017,ATL,3682,CDG,1382
LEX,4017,ATL,3682,CHA,3578
LEX,4017,ATL,3682,CHO,4015
LEX,4017,ATL,3682,CHS,3806
LEX,4017,ATL,3682,CID,4043
LEX,4017,ATL,3682,CLE,3486
LEX,4017,ATL,3682,CLT,3876
LEX,4017,ATL,3682,CMH,3759
LEX,4017,ATL,3682,COS,3819
LEX,4017,ATL,3682,CRW,4285
LEX,4017,ATL,3682,CSG,4255
LEX,4017,ATL,3682,CUN,1852
LEX,4017,ATL,3682,CVG,3488
LEX,4017,ATL,3682,CZM,1800
LEX,4017,ATL,3682,DAB,3950
LEX,4017,ATL,3682,DAL,3502
LEX,4017,ATL,3682,DAY,3627
LEX,4017,ATL,3682,DCA,3520
LEX,4017,ATL,3682,DEN,3751
LEX,4017,ATL,3682,DFW,3670
LEX,4017,ATL,3682,DHN,3739
LEX,4017,ATL,3682,DSM,3729
LEX,4017,ATL,3682,DTW,3645
LEX,4017,ATL,3682,DUB,599
LEX,4017,ATL,3682,DUS,345
LEX,4017,ATL,3682,ECP,7669
LEX,4017,ATL,3682,ELP,3559
LEX,4017,ATL,3682,EVV,4018
LEX,4017,ATL,3682,EWN,3730
LEX,4017,ATL,3682,EWR,3494
LEX,4017,ATL,3682,EYW,3875
LEX,4017,ATL,3682,FAY,5738
LEX,4017,ATL,3682,FCO,1555
LEX,4017,ATL,3682,FLL,3533
LEX,4017,ATL,3682,FNT,4089
LEX,4017,ATL,3682,FRA,340
LEX,4017,ATL,3682,FSM,3437
LEX,4017,ATL,3682,FWA,4041
LEX,4017,ATL,3682,GDL,1804
LEX,4017,ATL,3682,GNV,3472
LEX,4017,ATL,3682,GPT,4038
LEX,4017,ATL,3682,GRB,3653
LEX,4017,ATL,3682,GRK,3775
LEX,4017,ATL,3682,GRR,3685
LEX,4017,ATL,3682,GSO,4008
LEX,4017,ATL,3682,GSP,4034
LEX,4017,ATL,3682,GTR,4273
LEX,4017,ATL,3682,HPN,3589
LEX,4017,ATL,3682,HSV,4113
LEX,4017,ATL,3682,IAD,3714
LEX,4017,ATL,3682,IAH,3550
LEX,4017,ATL,3682,ICT,3457
LEX,4017,ATL,3682,ILM,3845
LEX,4017,ATL,3682,IND,3585
LEX,4017,ATL,3682,JAN,3580
LEX,4017,ATL,3682,JAX,3712
LEX,4017,ATL,3682,JFK,3797
LEX,4017,ATL,3682,LAS,3877
LEX,4017,ATL,3682,LAX,3484
LEX,4017,ATL,3682,LEX,4017
LEX,4017,ATL,3682,LFT,3493
LEX,4017,ATL,3682,LGA,3697
LEX,4017,ATL,3682,LHR,507
LEX,4017,ATL,3682,LIT,3660
LEX,4017,ATL,3682,MAD,1229
LEX,4017,ATL,3682,MAN,478
LEX,4017,ATL,3682,MCI,3458
LEX,4017,ATL,3682,MCO,3878
LEX,4017,ATL,3682,MDT,3542
LEX,4017,ATL,3682,MDW,3747
LEX,4017,ATL,3682,MEM,3473
LEX,4017,ATL,3682,MEX,1824
LEX,4017,ATL,3682,MGM,4115
LEX,4017,ATL,3682,MHT,4011
LEX,4017,ATL,3682,MIA,3576
LEX,4017,ATL,3682,MKE,3717
LEX,4017,ATL,3682,MLB,3671
LEX,4017,ATL,3682,MLI,4072
LEX,4017,ATL,3682,MLU,3732
LEX,4017,ATL,3682,MOB,3782
LEX,4017,ATL,3682,MSN,3459
LEX,4017,ATL,3682,MSP,3858
LEX,4017,ATL,3682,MSY,3861
LEX,4017,ATL,3682,MTY,1825
LEX,4017,ATL,3682,MUC,346
LEX,4017,ATL,3682,MYR,3515
LEX,4017,ATL,3682,NAS,1953
LEX,4017,ATL,3682,OAJ,4386
LEX,4017,ATL,3682,OKC,3863
LEX,4017,ATL,3682,OMA,3454
LEX,4017,ATL,3682,ORD,3830
LEX,4017,ATL,3682,ORF,3611
LEX,4017,ATL,3682,PBI,3722
LEX,4017,ATL,3682,PDX,3720
LEX,4017,ATL,3682,PHF,3633
LEX,4017,ATL,3682,PHL,3752
LEX,4017,ATL,3682,PHX,3462
LEX,4017,ATL,3682,PIA,4046
LEX,4017,ATL,3682,PIT,3570
LEX,4017,ATL,3682,PNS,3564
LEX,4017,ATL,3682,PTY,1871
LEX,4017,ATL,3682,PVD,3641
LEX,4017,ATL,3682,PWM,3862
LEX,4017,ATL,3682,RDU,3626
LEX,4017,ATL,3682,RIC,3608
LEX,4017,ATL,3682,ROA,4016
LEX,4017,ATL,3682,ROC,3622
LEX,4017,ATL,3682,RSW,3793
LEX,4017,ATL,3682,SAN,3731
LEX,4017,ATL,3682,SAT,3621
LEX,4017,ATL,3682,SAV,3613
LEX,4017,ATL,3682,SBN,4359
LEX,4017,ATL,3682,SDF,4014
LEX,4017,ATL,3682,SEA,3577
LEX,4017,ATL,3682,SFO,3469
LEX,4017,ATL,3682,SGF,4348
LEX,4017,ATL,3682,SHV,3609
LEX,4017,ATL,3682,SJO,1885
LEX,4017,ATL,3682,SJU,2890
LEX,4017,ATL,3682,SLC,3536
LEX,4017,ATL,3682,SMF,3817
LEX,4017,ATL,3682,SNA,3867
LEX,4017,ATL,3682,SRQ,4067
LEX,4017,ATL,3682,STL,3678
LEX,4017,ATL,3682,STR,350
LEX,4017,ATL,3682,SYR,3745
LEX,4017,ATL,3682,TLH,3698
LEX,4017,ATL,3682,TPA,3646
LEX,4017,ATL,3682,TRI,4116
LEX,4017,ATL,3682,TUL,3855
LEX,4017,ATL,3682,TUS,3636
LEX,4017,ATL,3682,TYS,3676
LEX,4017,ATL,3682,VLD,5776
LEX,4017,ATL,3682,VPS,3873
LEX,4017,ATL,3682,XNA,4356
LEX,4017,ATL,3682,YUL,146
LEX,4017,ATL,3682,YYZ,193
LEX,4017,CLT,3876,ATL,3682
LEX,4017,DCA,3520,ATL,3682
LEX,4017,DFW,3670,ATL,3682
LEX,4017,DTW,3645,ATL,3682
LEX,4017,DTW,3645,CDG,1382
LEX,4017,DTW,3645,FRA,340
LEX,4017,DTW,3645,LHR,507
LEX,4017,DTW,3645,MSY,3861
LEX,4017,FLL,3533,ATL,3682
LEX,4017,IAH,3550,ATL,3682
LEX,4017,IAH,3550,CDG,1382
LEX,4017,LGA,3697,ATL,3682
LEX,4017,MSP,3858,ATL,3682
LEX,4017,MSP,3858,CDG,1382
LEX,4017,MSP,3858,LAX,3484
LEX,4017,MSP,3858,LHR,507
LEX,4017,MSP,3858,MSY,3861
LEX,4017,MSP,3858,SEA,3577
LEX,4017,MSP,3858,SFO,3469
LEX,4017,ORD,3830,ATL,3682
LEX,4017,ORD,3830,CDG,1382
LEX,4017,ORD,3830,DEL,3093
LEX,4017,ATL,3682,ABY,5715
LEX,4017,ATL,3682,ALB,3864
LEX,4017,ATL,3682,BDL,3825
LEX,4017,ATL,3682,BNA,3690
LEX,4017,ATL,3682,BOS,3448
LEX,4017,ATL,3682,BWI,3849
LEX,4017,ATL,3682,CDG,1382
LEX,4017,ATL,3682,CLE,3486
LEX,4017,ATL,3682,CMH,3759
LEX,4017,ATL,3682,CUN,1852
LEX,4017,ATL,3682,CVG,3488
LEX,4017,ATL,3682,CZM,1800
LEX,4017,ATL,3682,DCA,3520
LEX,4017,ATL,3682,DEN,3751
LEX,4017,ATL,3682,DTW,3645
LEX,4017,ATL,3682,EWR,3494
LEX,4017,ATL,3682,FCO,1555
LEX,4017,ATL,3682,GDL,1804
LEX,4017,ATL,3682,IAD,3714
LEX,4017,ATL,3682,IND,3585
LEX,4017,ATL,3682,JAX,3712
LEX,4017,ATL,3682,JFK,3797
LEX,4017,ATL,3682,LGA,3697
LEX,4017,ATL,3682,MAD,1229
LEX,4017,ATL,3682,MCI,3458
LEX,4017,ATL,3682,MCO,3878
LEX,4017,ATL,3682,MEM,3473
LEX,4017,ATL,3682,MEX,1824
LEX,4017,ATL,3682,MIA,3576
LEX,4017,ATL,3682,MSP,3858
LEX,4017,ATL,3682,MSY,3861
LEX,4017,ATL,3682,MTY,1825
LEX,4017,ATL,3682,PHL,3752
LEX,4017,ATL,3682,PIT,3570
LEX,4017,ATL,3682,PVR,1836
LEX,4017,ATL,3682,RDU,3626
LEX,4017,ATL,3682,RIC,3608
LEX,4017,ATL,3682,SEA,3577
LEX,4017,ATL,3682,SJD,1840
LEX,4017,ATL,3682,SLC,3536
LEX,4017,ATL,3682,STL,3678
LEX,4017,ATL,3682,XNA,4356
LEX,4017,ATL,3682,YUL,146
LEX,4017,DCA,3520,ATL,3682
LEX,4017,DFW,3670,MEX,1824
LEX,4017,DTW,3645,ATL,3682
LEX,4017,DTW,3645,CUN,1852
LEX,4017,DTW,3645,MEX,1824
LEX,4017,DTW,3645,MTY,1825
LEX,4017,IAH,3550,MEX,1824
LEX,4017,LGA,3697,ATL,3682
LEX,4017,MSP,3858,ATL,3682
LEX,4017,MSP,3858,CUN,1852
LEX,4017,ORD,3830,GDL,1804
LEX,4017,ORD,3830,MEX,1824
LEX,4017,ATL,3682,BHM,3811
LEX,4017,ATL,3682,BNA,3690
LEX,4017,ATL,3682,CHS,3806
LEX,4017,ATL,3682,CLT,3876
LEX,4017,ATL,3682,GSO,4008
LEX,4017,ATL,3682,HSV,4113
LEX,4017,ATL,3682,JAN,3580
LEX,4017,ATL,3682,JAX,3712
LEX,4017,ATL,3682,LAX,3484
LEX,4017,ATL,3682,MEM,3473
LEX,4017,ATL,3682,MIA,3576
LEX,4017,ATL,3682,MSY,3861
LEX,4017,ATL,3682,ORF,3611
LEX,4017,ATL,3682,PBI,3722
LEX,4017,ATL,3682,PDX,3720
LEX,4017,ATL,3682,PNS,3564
LEX,4017,ATL,3682,RDU,3626
LEX,4017,ATL,3682,RSW,3793
LEX,4017,ATL,3682,SAN,3731
LEX,4017,ATL,3682,SAV,3613
LEX,4017,ATL,3682,SEA,3577
LEX,4017,ATL,3682,SLC,3536
LEX,4017,ATL,3682,TYS,3676
LEX,4017,CLT,3876,ATL,3682
LEX,4017,DCA,3520,LAX,3484
LEX,4017,DCA,3520,PDX,3720
LEX,4017,DCA,3520,SEA,3577
LEX,4017,DFW,3670,LAX,3484
LEX,4017,DFW,3670,PDX,3720
LEX,4017,DFW,3670,SAN,3731
LEX,4017,DFW,3670,SEA,3577
LEX,4017,DFW,3670,SFO,3469
LEX,4017,DFW,3670,SNA,3867
LEX,4017,DTW,3645,PDX,3720
LEX,4017,DTW,3645,SAN,3731
LEX,4017,FLL,3533,SEA,3577
LEX,4017,IAH,3550,LAX,3484
LEX,4017,IAH,3550,SEA,3577
LEX,4017,MSP,3858,LAX,3484
LEX,4017,MSP,3858,SAN,3731
LEX,4017,MSP,3858,SEA,3577
LEX,4017,ORD,3830,ANC,3774
LEX,4017,ORD,3830,LAX,3484
LEX,4017,ORD,3830,MSY,3861
LEX,4017,ORD,3830,PDX,3720
LEX,4017,ORD,3830,SAN,3731
LEX,4017,ORD,3830,SEA,3577
LEX,4017,ORD,3830,SFO,3469
LEX,4017,CLT,3876,SJO,1885
LEX,4017,DFW,3670,SAL,1892
LEX,4017,FLL,3533,BOG,2709
LEX,4017,IAH,3550,BOG,2709
LEX,4017,IAH,3550,SAL,1892
LEX,4017,ORD,3830,SAL,1892
LEX,4017,ATL,3682,LHR,507
LEX,4017,DFW,3670,CDG,1382
LEX,4017,DFW,3670,FRA,340
LEX,4017,DFW,3670,LHR,507
LEX,4017,DFW,3670,MAD,1229
LEX,4017,IAH,3550,LHR,507
LEX,4017,ORD,3830,CDG,1382
LEX,4017,ORD,3830,DUB,599
LEX,4017,ORD,3830,DUS,345
LEX,4017,ORD,3830,FCO,1555
LEX,4017,ORD,3830,LHR,507
LEX,4017,ORD,3830,MAD,1229
LEX,4017,ORD,3830,MAN,478
LEX,4017,ATL,3682,ABQ,4019
LEX,4017,ATL,3682,AUS,3673
LEX,4017,ATL,3682,AVL,4007
LEX,4017,ATL,3682,BDL,3825
LEX,4017,ATL,3682,BHM,3811
LEX,4017,ATL,3682,BNA,3690
LEX,4017,ATL,3682,BOS,3448
LEX,4017,ATL,3682,BUF,3820
LEX,4017,ATL,3682,BWI,3849
LEX,4017,ATL,3682,CAE,3561
LEX,4017,ATL,3682,CDG,1382
LEX,4017,ATL,3682,CHA,3578
LEX,4017,ATL,3682,CHS,3806
LEX,4017,ATL,3682,CLT,3876
LEX,4017,ATL,3682,CMH,3759
LEX,4017,ATL,3682,CUN,1852
LEX,4017,ATL,3682,CVG,3488
LEX,4017,ATL,3682,DAY,3627
LEX,4017,ATL,3682,DCA,3520
LEX,4017,ATL,3682,DEN,3751
LEX,4017,ATL,3682,DFW,3670
LEX,4017,ATL,3682,DTW,3645
LEX,4017,ATL,3682,ELP,3559
LEX,4017,ATL,3682,EWR,3494
LEX,4017,ATL,3682,FCO,1555
LEX,4017,ATL,3682,FLL,3533
LEX,4017,ATL,3682,GDL,1804
LEX,4017,ATL,3682,GNV,3472
LEX,4017,ATL,3682,GPT,4038
LEX,4017,ATL,3682,GSO,4008
LEX,4017,ATL,3682,HOU,3566
LEX,4017,ATL,3682,HSV,4113
LEX,4017,ATL,3682,IAD,3714
LEX,4017,ATL,3682,IAH,3550
LEX,4017,ATL,3682,ICT,3457
LEX,4017,ATL,3682,ILM,3845
LEX,4017,ATL,3682,IND,3585
LEX,4017,ATL,3682,JAN,3580
LEX,4017,ATL,3682,JAX,3712
LEX,4017,ATL,3682,JFK,3797
LEX,4017,ATL,3682,LAS,3877
LEX,4017,ATL,3682,LAX,3484
LEX,4017,ATL,3682,LIT,3660
LEX,4017,ATL,3682,MCI,3458
LEX,4017,ATL,3682,MCO,3878
LEX,4017,ATL,3682,MEM,3473
LEX,4017,ATL,3682,MEX,1824
LEX,4017,ATL,3682,MIA,3576
LEX,4017,ATL,3682,MKE,3717
LEX,4017,ATL,3682,MSP,3858
LEX,4017,ATL,3682,MSY,3861
LEX,4017,ATL,3682,MTY,1825
LEX,4017,ATL,3682,MYR,3515
LEX,4017,ATL,3682,OKC,3863
LEX,4017,ATL,3682,OMA,3454
LEX,4017,ATL,3682,ORD,3830
LEX,4017,ATL,3682,ORF,3611
LEX,4017,ATL,3682,PBI,3722
LEX,4017,ATL,3682,PDX,3720
LEX,4017,ATL,3682,PHL,3752
LEX,4017,ATL,3682,PHX,3462
LEX,4017,ATL,3682,PIT,3570
LEX,4017,ATL,3682,PTY,1871
LEX,4017,ATL,3682,RDU,3626
LEX,4017,ATL,3682,RIC,3608
LEX,4017,ATL,3682,ROC,3622
LEX,4017,ATL,3682,RSW,3793
LEX,4017,ATL,3682,SAN,3731
LEX,4017,ATL,3682,SAT,3621
LEX,4017,ATL,3682,SAV,3613
LEX,4017,ATL,3682,SEA,3577
LEX,4017,ATL,3682,SJU,2890
LEX,4017,ATL,3682,SLC,3536
LEX,4017,ATL,3682,SNA,3867
LEX,4017,ATL,3682,SRQ,4067
LEX,4017,ATL,3682,STL,3678
LEX,4017,ATL,3682,TPA,3646
LEX,4017,ATL,3682,TUS,3636
LEX,4017,ATL,3682,TYS,3676
LEX,4017,ATL,3682,VPS,3873
LEX,4017,CLT,3876,ATL,3682
LEX,4017,DCA,3520,ATL,3682
LEX,4017,DFW,3670,ATL,3682
LEX,4017,DTW,3645,ATL,3682
LEX,4017,DTW,3645,CDG,1382
LEX,4017,FLL,3533,ATL,3682
LEX,4017,IAH,3550,ATL,3682
LEX,4017,IAH,3550,CDG,1382
LEX,4017,ORD,3830,ATL,3682
LEX,4017,ORD,3830,FCO,1555
LEX,4017,CLT,3876,BOS,3448
LEX,4017,CLT,3876,JFK,3797
LEX,4017,DCA,3520,BOS,3448
LEX,4017,DCA,3520,FLL,3533
LEX,4017,DCA,3520,MCO,3878
LEX,4017,DCA,3520,SJU,2890
LEX,4017,DCA,3520,TPA,3646
LEX,4017,DFW,3670,BOS,3448
LEX,4017,DFW,3670,DXB,2188
LEX,4017,DTW,3645,BOS,3448
LEX,4017,FLL,3533,AUS,3673
LEX,4017,FLL,3533,BDL,3825
LEX,4017,FLL,3533,BOG,2709
LEX,4017,FLL,3533,BOS,3448
LEX,4017,FLL,3533,CUN,1852
LEX,4017,FLL,3533,DCA,3520
LEX,4017,FLL,3533,EWR,3494
LEX,4017,FLL,3533,HPN,3589
LEX,4017,FLL,3533,JFK,3797
LEX,4017,FLL,3533,KIN,1779
LEX,4017,FLL,3533,LAX,3484
LEX,4017,FLL,3533,LGA,3697
LEX,4017,FLL,3533,LIM,2789
LEX,4017,FLL,3533,MBJ,1780
LEX,4017,FLL,3533,MDE,2745
LEX,4017,FLL,3533,NAS,1953
LEX,4017,FLL,3533,ORH,6426
LEX,4017,FLL,3533,PAP,1897
LEX,4017,FLL,3533,POS,2902
LEX,4017,FLL,3533,PUJ,1760
LEX,4017,FLL,3533,PVD,3641
LEX,4017,FLL,3533,RDU,3626
LEX,4017,FLL,3533,RIC,3608
LEX,4017,FLL,3533,SDQ,1762
LEX,4017,FLL,3533,SFO,3469
LEX,4017,FLL,3533,SJO,1885
LEX,4017,FLL,3533,SJU,2890
LEX,4017,FLL,3533,SWF,3661
LEX,4017,IAH,3550,DXB,2188
LEX,4017,LGA,3697,FLL,3533
LEX,4017,LGA,3697,MCO,3878
LEX,4017,LGA,3697,PBI,3722
LEX,4017,LGA,3697,RSW,3793
LEX,4017,LGA,3697,SRQ,4067
LEX,4017,LGA,3697,TPA,3646
LEX,4017,ORD,3830,BOS,3448
LEX,4017,ORD,3830,JFK,3797
LEX,4017,ORD,3830,SJU,2890
LEX,4017,ATL,3682,DFW,3670
LEX,4017,ATL,3682,LHR,507
LEX,4017,ATL,3682,MIA,3576
LEX,4017,ATL,3682,ORD,3830
LEX,4017,DFW,3670,ATL,3682
LEX,4017,DFW,3670,CDG,1382
LEX,4017,DFW,3670,FRA,340
LEX,4017,DFW,3670,LHR,507
LEX,4017,DFW,3670,MAD,1229
LEX,4017,DFW,3670,MEX,1824
LEX,4017,DFW,3670,MLM,1821
LEX,4017,DFW,3670,MSY,3861
LEX,4017,IAH,3550,LHR,507
LEX,4017,ORD,3830,ATL,3682
LEX,4017,ORD,3830,CDG,1382
LEX,4017,ORD,3830,DUB,599
LEX,4017,ORD,3830,DUS,345
LEX,4017,ORD,3830,FCO,1555
LEX,4017,ORD,3830,LHR,507
LEX,4017,ORD,3830,MAD,1229
LEX,4017,ORD,3830,MAN,478
LEX,4017,ORD,3830,MSY,3861
LEX,4017,FLL,3533,KIN,1779
LEX,4017,FLL,3533,MBJ,1780
LEX,4017,FLL,3533,POS,2902
LEX,4017,ATL,3682,IAH,3550
LEX,4017,IAH,3550,ATL,3682
LEX,4017,IAH,3550,CUN,1852
LEX,4017,IAH,3550,MEX,1824
LEX,4017,IAH,3550,PEK,3364
LEX,4017,ORD,3830,PEK,3364
LEX,4017,ORD,3830,PVG,3406
LEX,4017,ATL,3682,DFW,3670
LEX,4017,ATL,3682,LAX,3484
LEX,4017,ATL,3682,SFO,3469
LEX,4017,IAH,3550,ATL,3682
LEX,4017,IAH,3550,PTY,1871
LEX,4017,IAH,3550,SFO,3469
LEX,4017,ORD,3830,PTY,1871
LEX,4017,ATL,3682,ORD,3830
LEX,4017,ORD,3830,ATL,3682
LEX,4017,ORD,3830,HKG,3077
LEX,4017,DTW,3645,PEK,3364
LEX,4017,DTW,3645,PVG,3406
LEX,4017,ATL,3682,ABE,4355
LEX,4017,ATL,3682,ABQ,4019
LEX,4017,ATL,3682,ABY,5715
LEX,4017,ATL,3682,AEX,3852
LEX,4017,ATL,3682,AGS,3658
LEX,4017,ATL,3682,ALB,3864
LEX,4017,ATL,3682,AMS,580
LEX,4017,ATL,3682,ATW,4047
LEX,4017,ATL,3682,AUA,2895
LEX,4017,ATL,3682,AUS,3673
LEX,4017,ATL,3682,AVL,4007
LEX,4017,ATL,3682,AVP,4286
LEX,4017,ATL,3682,AZO,4039
LEX,4017,ATL,3682,BDA,4069
LEX,4017,ATL,3682,BDL,3825
LEX,4017,ATL,3682,BHM,3811
LEX,4017,ATL,3682,BJX,1815
LEX,4017,ATL,3682,BMI,4037
LEX,4017,ATL,3682,BNA,3690
LEX,4017,ATL,3682,BOG,2709
LEX,4017,ATL,3682,BON,2896
LEX,4017,ATL,3682,BOS,3448
LEX,4017,ATL,3682,BQK,5725
LEX,4017,ATL,3682,BRU,302
LEX,4017,ATL,3682,BSB,2531
LEX,4017,ATL,3682,BTR,3846
LEX,4017,ATL,3682,BTV,3711
LEX,4017,ATL,3682,BUF,3820
LEX,4017,ATL,3682,BWI,3849
LEX,4017,ATL,3682,BZE,1957
LEX,4017,ATL,3682,CAE,3561
LEX,4017,ATL,3682,CAK,4112
LEX,4017,ATL,3682,CCS,2851
LEX,4017,ATL,3682,CDG,1382
LEX,4017,ATL,3682,CHA,3578
LEX,4017,ATL,3682,CHO,4015
LEX,4017,ATL,3682,CHS,3806
LEX,4017,ATL,3682,CID,4043
LEX,4017,ATL,3682,CLE,3486
LEX,4017,ATL,3682,CLT,3876
LEX,4017,ATL,3682,CMH,3759
LEX,4017,ATL,3682,COS,3819
LEX,4017,ATL,3682,CRW,4285
LEX,4017,ATL,3682,CSG,4255
LEX,4017,ATL,3682,CUN,1852
LEX,4017,ATL,3682,CVG,3488
LEX,4017,ATL,3682,CZM,1800
LEX,4017,ATL,3682,DAB,3950
LEX,4017,ATL,3682,DAL,3502
LEX,4017,ATL,3682,DAY,3627
LEX,4017,ATL,3682,DCA,3520
LEX,4017,ATL,3682,DEN,3751
LEX,4017,ATL,3682,DFW,3670
LEX,4017,ATL,3682,DHN,3739
LEX,4017,ATL,3682,DSM,3729
LEX,4017,ATL,3682,DTW,3645
LEX,4017,ATL,3682,DUB,599
LEX,4017,ATL,3682,DUS,345
LEX,4017,ATL,3682,DXB,2188
LEX,4017,ATL,3682,ECP,7669
LEX,4017,ATL,3682,ELP,3559
LEX,4017,ATL,3682,EVV,4018
LEX,4017,ATL,3682,EWN,3730
LEX,4017,ATL,3682,EWR,3494
LEX,4017,ATL,3682,EYW,3875
LEX,4017,ATL,3682,EZE,3988
LEX,4017,ATL,3682,FAR,4292
LEX,4017,ATL,3682,FAY,5738
LEX,4017,ATL,3682,FCO,1555
LEX,4017,ATL,3682,FLL,3533
LEX,4017,ATL,3682,FNT,4089
LEX,4017,ATL,3682,FPO,1948
LEX,4017,ATL,3682,FRA,340
LEX,4017,ATL,3682,FSD,4009
LEX,4017,ATL,3682,FSM,3437
LEX,4017,ATL,3682,FWA,4041
LEX,4017,ATL,3682,GCM,1926
LEX,4017,ATL,3682,GDL,1804
LEX,4017,ATL,3682,GGT,1941
LEX,4017,ATL,3682,GIG,2560
LEX,4017,ATL,3682,GNV,3472
LEX,4017,ATL,3682,GPT,4038
LEX,4017,ATL,3682,GRB,3653
LEX,4017,ATL,3682,GRK,3775
LEX,4017,ATL,3682,GRR,3685
LEX,4017,ATL,3682,GRU,2564
LEX,4017,ATL,3682,GSO,4008
LEX,4017,ATL,3682,GSP,4034
LEX,4017,ATL,3682,GTR,4273
LEX,4017,ATL,3682,GUA,1767
LEX,4017,ATL,3682,HNL,3728
LEX,4017,ATL,3682,HOU,3566
LEX,4017,ATL,3682,HPN,3589
LEX,4017,ATL,3682,HSV,4113
LEX,4017,ATL,3682,IAD,3714
LEX,4017,ATL,3682,IAH,3550
LEX,4017,ATL,3682,ICN,3930
LEX,4017,ATL,3682,ICT,3457
LEX,4017,ATL,3682,ILM,3845
LEX,4017,ATL,3682,IND,3585
LEX,4017,ATL,3682,JAN,3580
LEX,4017,ATL,3682,JAX,3712
LEX,4017,ATL,3682,JFK,3797
LEX,4017,ATL,3682,JNB,813
LEX,4017,ATL,3682,KIN,1779
LEX,4017,ATL,3682,LAN,3544
LEX,4017,ATL,3682,LAS,3877
LEX,4017,ATL,3682,LAX,3484
LEX,4017,ATL,3682,LEX,4017
LEX,4017,ATL,3682,LFT,3493
LEX,4017,ATL,3682,LGA,3697
LEX,4017,ATL,3682,LHR,507
LEX,4017,ATL,3682,LIM,2789
LEX,4017,ATL,3682,LIR,1881
LEX,4017,ATL,3682,LIT,3660
LEX,4017,ATL,3682,LOS,273
LEX,4017,ATL,3682,MAD,1229
LEX,4017,ATL,3682,MAN,478
LEX,4017,ATL,3682,MBJ,1780
LEX,4017,ATL,3682,MBS,4128
LEX,4017,ATL,3682,MCI,3458
LEX,4017,ATL,3682,MCO,3878
LEX,4017,ATL,3682,MDT,3542
LEX,4017,ATL,3682,MDW,3747
LEX,4017,ATL,3682,MEM,3473
LEX,4017,ATL,3682,MEX,1824
LEX,4017,ATL,3682,MGA,1863
LEX,4017,ATL,3682,MGM,4115
LEX,4017,ATL,3682,MHT,4011
LEX,4017,ATL,3682,MIA,3576
LEX,4017,ATL,3682,MKE,3717
LEX,4017,ATL,3682,MLB,3671
LEX,4017,ATL,3682,MLI,4072
LEX,4017,ATL,3682,MLU,3732
LEX,4017,ATL,3682,MOB,3782
LEX,4017,ATL,3682,MSN,3459
LEX,4017,ATL,3682,MSP,3858
LEX,4017,ATL,3682,MSY,3861
LEX,4017,ATL,3682,MTY,1825
LEX,4017,ATL,3682,MUC,346
LEX,4017,ATL,3682,MYR,3515
LEX,4017,ATL,3682,NAS,1953
LEX,4017,ATL,3682,NRT,2279
LEX,4017,ATL,3682,OAJ,4386
LEX,4017,ATL,3682,OKC,3863
LEX,4017,ATL,3682,OMA,3454
LEX,4017,ATL,3682,ORD,3830
LEX,4017,ATL,3682,ORF,3611
LEX,4017,ATL,3682,PAP,1897
LEX,4017,ATL,3682,PBI,3722
LEX,4017,ATL,3682,PDX,3720
LEX,4017,ATL,3682,PHF,3633
LEX,4017,ATL,3682,PHL,3752
LEX,4017,ATL,3682,PHX,3462
LEX,4017,ATL,3682,PIA,4046
LEX,4017,ATL,3682,PIT,3570
LEX,4017,ATL,3682,PLS,1754
LEX,4017,ATL,3682,PNS,3564
LEX,4017,ATL,3682,PTY,1871
LEX,4017,ATL,3682,PUJ,1760
LEX,4017,ATL,3682,PVD,3641
LEX,4017,ATL,3682,PVR,1836
LEX,4017,ATL,3682,PWM,3862
LEX,4017,ATL,3682,RDU,3626
LEX,4017,ATL,3682,RIC,3608
LEX,4017,ATL,3682,ROA,4016
LEX,4017,ATL,3682,ROC,3622
LEX,4017,ATL,3682,RSW,3793
LEX,4017,ATL,3682,RTB,1774
LEX,4017,ATL,3682,SAL,1892
LEX,4017,ATL,3682,SAN,3731
LEX,4017,ATL,3682,SAP,1772
LEX,4017,ATL,3682,SAT,3621
LEX,4017,ATL,3682,SAV,3613
LEX,4017,ATL,3682,SBN,4359
LEX,4017,ATL,3682,SCL,2650
LEX,4017,ATL,3682,SDF,4014
LEX,4017,ATL,3682,SDQ,1762
LEX,4017,ATL,3682,SEA,3577
LEX,4017,ATL,3682,SFO,3469
LEX,4017,ATL,3682,SGF,4348
LEX,4017,ATL,3682,SHV,3609
LEX,4017,ATL,3682,SJC,3748
LEX,4017,ATL,3682,SJD,1840
LEX,4017,ATL,3682,SJO,1885
LEX,4017,ATL,3682,SJU,2890
LEX,4017,ATL,3682,SLC,3536
LEX,4017,ATL,3682,SMF,3817
LEX,4017,ATL,3682,SNA,3867
LEX,4017,ATL,3682,SRQ,4067
LEX,4017,ATL,3682,STL,3678
LEX,4017,ATL,3682,STR,350
LEX,4017,ATL,3682,STT,2883
LEX,4017,ATL,3682,SXM,2899
LEX,4017,ATL,3682,SYR,3745
LEX,4017,ATL,3682,TGU,1776
LEX,4017,ATL,3682,TLH,3698
LEX,4017,ATL,3682,TPA,3646
LEX,4017,ATL,3682,TRI,4116
LEX,4017,ATL,3682,TUL,3855
LEX,4017,ATL,3682,TUS,3636
LEX,4017,ATL,3682,TYS,3676
LEX,4017,ATL,3682,UIO,2688
LEX,4017,ATL,3682,UVF,2894
LEX,4017,ATL,3682,VLD,5776
LEX,4017,ATL,3682,VPS,3873
LEX,4017,ATL,3682,XNA,4356
LEX,4017,ATL,3682,YUL,146
LEX,4017,ATL,3682,YYZ,193
LEX,4017,ATL,3682,ZRH,1678
LEX,4017,CLT,3876,ATL,3682
LEX,4017,CLT,3876,CVG,3488
LEX,4017,CLT,3876,DTW,3645
LEX,4017,CLT,3876,JFK,3797
LEX,4017,CLT,3876,LGA,3697
LEX,4017,CLT,3876,MSP,3858
LEX,4017,CLT,3876,SLC,3536
LEX,4017,DCA,3520,ATL,3682
LEX,4017,DCA,3520,CVG,3488
LEX,4017,DCA,3520,DTW,3645
LEX,4017,DCA,3520,JFK,3797
LEX,4017,DCA,3520,LAX,3484
LEX,4017,DCA,3520,LEX,4017
LEX,4017,DCA,3520,LGA,3697
LEX,4017,DCA,3520,MEM,3473
LEX,4017,DCA,3520,MSN,3459
LEX,4017,DCA,3520,MSP,3858
LEX,4017,DCA,3520,OMA,3454
LEX,4017,DCA,3520,SLC,3536
LEX,4017,DFW,3670,AMS,580
LEX,4017,DFW,3670,ATL,3682
LEX,4017,DFW,3670,CVG,3488
LEX,4017,DFW,3670,DTW,3645
LEX,4017,DFW,3670,ICN,3930
LEX,4017,DFW,3670,JFK,3797
LEX,4017,DFW,3670,LGA,3697
LEX,4017,DFW,3670,MEM,3473
LEX,4017,DFW,3670,MEX,1824
LEX,4017,DFW,3670,MSP,3858
LEX,4017,DFW,3670,SLC,3536
LEX,4017,DFW,3670,YYC,178
LEX,4017,DTW,3645,ABE,4355
LEX,4017,DTW,3645,ALB,3864
LEX,4017,DTW,3645,AMS,580
LEX,4017,DTW,3645,APN,5720
LEX,4017,DTW,3645,ATL,3682
LEX,4017,DTW,3645,ATW,4047
LEX,4017,DTW,3645,AUS,3673
LEX,4017,DTW,3645,AVL,4007
LEX,4017,DTW,3645,AVP,4286
LEX,4017,DTW,3645,AZO,4039
LEX,4017,DTW,3645,BDL,3825
LEX,4017,DTW,3645,BGM,4129
LEX,4017,DTW,3645,BGR,3463
LEX,4017,DTW,3645,BHM,3811
LEX,4017,DTW,3645,BMI,4037
LEX,4017,DTW,3645,BNA,3690
LEX,4017,DTW,3645,BOS,3448
LEX,4017,DTW,3645,BTV,3711
LEX,4017,DTW,3645,BUF,3820
LEX,4017,DTW,3645,BWI,3849
LEX,4017,DTW,3645,CAE,3561
LEX,4017,DTW,3645,CAK,4112
LEX,4017,DTW,3645,CDG,1382
LEX,4017,DTW,3645,CHA,3578
LEX,4017,DTW,3645,CHS,3806
LEX,4017,DTW,3645,CID,4043
LEX,4017,DTW,3645,CIU,5729
LEX,4017,DTW,3645,CLE,3486
LEX,4017,DTW,3645,CLT,3876
LEX,4017,DTW,3645,CMH,3759
LEX,4017,DTW,3645,CRW,4285
LEX,4017,DTW,3645,CUN,1852
LEX,4017,DTW,3645,CVG,3488
LEX,4017,DTW,3645,CWA,4045
LEX,4017,DTW,3645,DAY,3627
LEX,4017,DTW,3645,DCA,3520
LEX,4017,DTW,3645,DEN,3751
LEX,4017,DTW,3645,DFW,3670
LEX,4017,DTW,3645,DSM,3729
LEX,4017,DTW,3645,ELM,3946
LEX,4017,DTW,3645,ERI,4276
LEX,4017,DTW,3645,ESC,6800
LEX,4017,DTW,3645,EVV,4018
LEX,4017,DTW,3645,EWR,3494
LEX,4017,DTW,3645,FLL,3533
LEX,4017,DTW,3645,FRA,340
LEX,4017,DTW,3645,FWA,4041
LEX,4017,DTW,3645,GCM,1926
LEX,4017,DTW,3645,GRB,3653
LEX,4017,DTW,3645,GRR,3685
LEX,4017,DTW,3645,GRU,2564
LEX,4017,DTW,3645,GSO,4008
LEX,4017,DTW,3645,GSP,4034
LEX,4017,DTW,3645,HPN,3589
LEX,4017,DTW,3645,HSV,4113
LEX,4017,DTW,3645,IAD,3714
LEX,4017,DTW,3645,IAH,3550
LEX,4017,DTW,3645,ICN,3930
LEX,4017,DTW,3645,IND,3585
LEX,4017,DTW,3645,ITH,3947
LEX,4017,DTW,3645,JAX,3712
LEX,4017,DTW,3645,JFK,3797
LEX,4017,DTW,3645,LAN,3544
LEX,4017,DTW,3645,LAS,3877
LEX,4017,DTW,3645,LAX,3484
LEX,4017,DTW,3645,LEX,4017
LEX,4017,DTW,3645,LGA,3697
LEX,4017,DTW,3645,LHR,507
LEX,4017,DTW,3645,LIT,3660
LEX,4017,DTW,3645,MBJ,1780
LEX,4017,DTW,3645,MBS,4128
LEX,4017,DTW,3645,MCI,3458
LEX,4017,DTW,3645,MCO,3878
LEX,4017,DTW,3645,MDT,3542
LEX,4017,DTW,3645,MDW,3747
LEX,4017,DTW,3645,MEM,3473
LEX,4017,DTW,3645,MEX,1824
LEX,4017,DTW,3645,MHT,4011
LEX,4017,DTW,3645,MIA,3576
LEX,4017,DTW,3645,MKE,3717
LEX,4017,DTW,3645,MLI,4072
LEX,4017,DTW,3645,MQT,3675
LEX,4017,DTW,3645,MSN,3459
LEX,4017,DTW,3645,MSP,3858
LEX,4017,DTW,3645,MSY,3861
LEX,4017,DTW,3645,MTY,1825
LEX,4017,DTW,3645,MYR,3515
LEX,4017,DTW,3645,NAS,1953
LEX,4017,DTW,3645,NGO,3942
LEX,4017,DTW,3645,NRT,2279
LEX,4017,DTW,3645,OKC,3863
LEX,4017,DTW,3645,OMA,3454
LEX,4017,DTW,3645,ORD,3830
LEX,4017,DTW,3645,ORF,3611
LEX,4017,DTW,3645,PBI,3722
LEX,4017,DTW,3645,PDX,3720
LEX,4017,DTW,3645,PEK,3364
LEX,4017,DTW,3645,PHL,3752
LEX,4017,DTW,3645,PHX,3462
LEX,4017,DTW,3645,PIA,4046
LEX,4017,DTW,3645,PIT,3570
LEX,4017,DTW,3645,PLN,5762
LEX,4017,DTW,3645,PUJ,1760
LEX,4017,DTW,3645,PVD,3641
LEX,4017,DTW,3645,PVG,3406
LEX,4017,DTW,3645,PWM,3862
LEX,4017,DTW,3645,RDU,3626
LEX,4017,DTW,3645,RIC,3608
LEX,4017,DTW,3645,ROA,4016
LEX,4017,DTW,3645,ROC,3622
LEX,4017,DTW,3645,RSW,3793
LEX,4017,DTW,3645,SAN,3731
LEX,4017,DTW,3645,SAT,3621
LEX,4017,DTW,3645,SAV,3613
LEX,4017,DTW,3645,SBN,4359
LEX,4017,DTW,3645,SCE,4318
LEX,4017,DTW,3645,SDF,4014
LEX,4017,DTW,3645,SEA,3577
LEX,4017,DTW,3645,SFO,3469
LEX,4017,DTW,3645,SJU,2890
LEX,4017,DTW,3645,SLC,3536
LEX,4017,DTW,3645,STL,3678
LEX,4017,DTW,3645,SWF,3661
LEX,4017,DTW,3645,SYR,3745
LEX,4017,DTW,3645,TPA,3646
LEX,4017,DTW,3645,TUL,3855
LEX,4017,DTW,3645,TVC,4023
LEX,4017,DTW,3645,TYS,3676
LEX,4017,DTW,3645,XNA,4356
LEX,4017,DTW,3645,YOW,100
LEX,4017,DTW,3645,YUL,146
LEX,4017,DTW,3645,YYZ,193
LEX,4017,FLL,3533,ATL,3682
LEX,4017,FLL,3533,CVG,3488
LEX,4017,FLL,3533,DTW,3645
LEX,4017,FLL,3533,JFK,3797
LEX,4017,FLL,3533,LGA,3697
LEX,4017,FLL,3533,MSP,3858
LEX,4017,FLL,3533,RDU,3626
LEX,4017,FLL,3533,YYZ,193
LEX,4017,IAH,3550,AMS,580
LEX,4017,IAH,3550,ATL,3682
LEX,4017,IAH,3550,CDG,1382
LEX,4017,IAH,3550,CVG,3488
LEX,4017,IAH,3550,DTW,3645
LEX,4017,IAH,3550,LGA,3697
LEX,4017,IAH,3550,MEM,3473
LEX,4017,IAH,3550,MEX,1824
LEX,4017,IAH,3550,MSP,3858
LEX,4017,IAH,3550,SEA,3577
LEX,4017,IAH,3550,SLC,3536
LEX,4017,LGA,3697,ATL,3682
LEX,4017,LGA,3697,AUA,2895
LEX,4017,LGA,3697,BGR,3463
LEX,4017,LGA,3697,BHM,3811
LEX,4017,LGA,3697,BNA,3690
LEX,4017,LGA,3697,BOS,3448
LEX,4017,LGA,3697,BTV,3711
LEX,4017,LGA,3697,BUF,3820
LEX,4017,LGA,3697,CAE,3561
LEX,4017,LGA,3697,CHO,4015
LEX,4017,LGA,3697,CHS,3806
LEX,4017,LGA,3697,CLE,3486
LEX,4017,LGA,3697,CLT,3876
LEX,4017,LGA,3697,CMH,3759
LEX,4017,LGA,3697,CVG,3488
LEX,4017,LGA,3697,DAY,3627
LEX,4017,LGA,3697,DCA,3520
LEX,4017,LGA,3697,DEN,3751
LEX,4017,LGA,3697,DFW,3670
LEX,4017,LGA,3697,DSM,3729
LEX,4017,LGA,3697,DTW,3645
LEX,4017,LGA,3697,EYW,3875
LEX,4017,LGA,3697,FLL,3533
LEX,4017,LGA,3697,GRR,3685
LEX,4017,LGA,3697,GSO,4008
LEX,4017,LGA,3697,GSP,4034
LEX,4017,LGA,3697,IAH,3550
LEX,4017,LGA,3697,ILM,3845
LEX,4017,LGA,3697,IND,3585
LEX,4017,LGA,3697,JAX,3712
LEX,4017,LGA,3697,LEX,4017
LEX,4017,LGA,3697,MCI,3458
LEX,4017,LGA,3697,MCO,3878
LEX,4017,LGA,3697,MEM,3473
LEX,4017,LGA,3697,MHT,4011
LEX,4017,LGA,3697,MIA,3576
LEX,4017,LGA,3697,MKE,3717
LEX,4017,LGA,3697,MSN,3459
LEX,4017,LGA,3697,MSP,3858
LEX,4017,LGA,3697,MSY,3861
LEX,4017,LGA,3697,MYR,3515
LEX,4017,LGA,3697,OMA,3454
LEX,4017,LGA,3697,ORD,3830
LEX,4017,LGA,3697,ORF,3611
LEX,4017,LGA,3697,PBI,3722
LEX,4017,LGA,3697,PIT,3570
LEX,4017,LGA,3697,PWM,3862
LEX,4017,LGA,3697,RDU,3626
LEX,4017,LGA,3697,RIC,3608
LEX,4017,LGA,3697,ROC,3622
LEX,4017,LGA,3697,RSW,3793
LEX,4017,LGA,3697,SAV,3613
LEX,4017,LGA,3697,SDF,4014
LEX,4017,LGA,3697,SRQ,4067
LEX,4017,LGA,3697,STL,3678
LEX,4017,LGA,3697,SYR,3745
LEX,4017,LGA,3697,TPA,3646
LEX,4017,LGA,3697,TYS,3676
LEX,4017,LGA,3697,YHZ,73
LEX,4017,LGA,3697,YUL,146
LEX,4017,LGA,3697,YYZ,193
LEX,4017,MSP,3858,ABQ,4019
LEX,4017,MSP,3858,ABR,5714
LEX,4017,MSP,3858,ALB,3864
LEX,4017,MSP,3858,AMS,580
LEX,4017,MSP,3858,ANC,3774
LEX,4017,MSP,3858,APN,5720
LEX,4017,MSP,3858,ATL,3682
LEX,4017,MSP,3858,ATW,4047
LEX,4017,MSP,3858,AUS,3673
LEX,4017,MSP,3858,AZO,4039
LEX,4017,MSP,3858,BDL,3825
LEX,4017,MSP,3858,BHM,3811
LEX,4017,MSP,3858,BIL,4021
LEX,4017,MSP,3858,BIS,4083
LEX,4017,MSP,3858,BJI,4287
LEX,4017,MSP,3858,BMI,4037
LEX,4017,MSP,3858,BNA,3690
LEX,4017,MSP,3858,BOI,3495
LEX,4017,MSP,3858,BOS,3448
LEX,4017,MSP,3858,BRD,6957
LEX,4017,MSP,3858,BUF,3820
LEX,4017,MSP,3858,BWI,3849
LEX,4017,MSP,3858,BZN,4020
LEX,4017,MSP,3858,CDG,1382
LEX,4017,MSP,3858,CID,4043
LEX,4017,MSP,3858,CLE,3486
LEX,4017,MSP,3858,CLT,3876
LEX,4017,MSP,3858,CMH,3759
LEX,4017,MSP,3858,CUN,1852
LEX,4017,MSP,3858,CVG,3488
LEX,4017,MSP,3858,CWA,4045
LEX,4017,MSP,3858,DAY,3627
LEX,4017,MSP,3858,DCA,3520
LEX,4017,MSP,3858,DEN,3751
LEX,4017,MSP,3858,DFW,3670
LEX,4017,MSP,3858,DIK,7064
LEX,4017,MSP,3858,DLH,3598
LEX,4017,MSP,3858,DSM,3729
LEX,4017,MSP,3858,DTW,3645
LEX,4017,MSP,3858,EWR,3494
LEX,4017,MSP,3858,FAR,4292
LEX,4017,MSP,3858,FCA,4127
LEX,4017,MSP,3858,FLL,3533
LEX,4017,MSP,3858,FNT,4089
LEX,4017,MSP,3858,FSD,4009
LEX,4017,MSP,3858,FWA,4041
LEX,4017,MSP,3858,GEG,3467
LEX,4017,MSP,3858,GFK,3442
LEX,4017,MSP,3858,GRB,3653
LEX,4017,MSP,3858,GRR,3685
LEX,4017,MSP,3858,GTF,3880
LEX,4017,MSP,3858,HIB,3650
LEX,4017,MSP,3858,HLN,3504
LEX,4017,MSP,3858,IAD,3714
LEX,4017,MSP,3858,IAH,3550
LEX,4017,MSP,3858,ICT,3457
LEX,4017,MSP,3858,IMT,6837
LEX,4017,MSP,3858,IND,3585
LEX,4017,MSP,3858,INL,3535
LEX,4017,MSP,3858,ISN,3659
LEX,4017,MSP,3858,JAX,3712
LEX,4017,MSP,3858,JFK,3797
LEX,4017,MSP,3858,LAN,3544
LEX,4017,MSP,3858,LAS,3877
LEX,4017,MSP,3858,LAX,3484
LEX,4017,MSP,3858,LEX,4017
LEX,4017,MSP,3858,LGA,3697
LEX,4017,MSP,3858,LHR,507
LEX,4017,MSP,3858,LNK,3543
LEX,4017,MSP,3858,LSE,4044
LEX,4017,MSP,3858,MBS,4128
LEX,4017,MSP,3858,MCI,3458
LEX,4017,MSP,3858,MCO,3878
LEX,4017,MSP,3858,MDW,3747
LEX,4017,MSP,3858,MEM,3473
LEX,4017,MSP,3858,MIA,3576
LEX,4017,MSP,3858,MKE,3717
LEX,4017,MSP,3858,MLI,4072
LEX,4017,MSP,3858,MOT,3498
LEX,4017,MSP,3858,MSN,3459
LEX,4017,MSP,3858,MSO,4216
LEX,4017,MSP,3858,MSY,3861
LEX,4017,MSP,3858,NRT,2279
LEX,4017,MSP,3858,OKC,3863
LEX,4017,MSP,3858,OMA,3454
LEX,4017,MSP,3858,ORD,3830
LEX,4017,MSP,3858,ORF,3611
LEX,4017,MSP,3858,PDX,3720
LEX,4017,MSP,3858,PHL,3752
LEX,4017,MSP,3858,PHX,3462
LEX,4017,MSP,3858,PIA,4046
LEX,4017,MSP,3858,PIT,3570
LEX,4017,MSP,3858,PSC,6133
LEX,4017,MSP,3858,PSP,3839
LEX,4017,MSP,3858,RAP,4087
LEX,4017,MSP,3858,RDU,3626
LEX,4017,MSP,3858,RHI,5765
LEX,4017,MSP,3858,RIC,3608
LEX,4017,MSP,3858,ROC,3622
LEX,4017,MSP,3858,RST,4048
LEX,4017,MSP,3858,RSW,3793
LEX,4017,MSP,3858,SAN,3731
LEX,4017,MSP,3858,SAT,3621
LEX,4017,MSP,3858,SBN,4359
LEX,4017,MSP,3858,SDF,4014
LEX,4017,MSP,3858,SEA,3577
LEX,4017,MSP,3858,SFO,3469
LEX,4017,MSP,3858,SJC,3748
LEX,4017,MSP,3858,SLC,3536
LEX,4017,MSP,3858,SMF,3817
LEX,4017,MSP,3858,SNA,3867
LEX,4017,MSP,3858,STL,3678
LEX,4017,MSP,3858,SYR,3745
LEX,4017,MSP,3858,TPA,3646
LEX,4017,MSP,3858,TUL,3855
LEX,4017,MSP,3858,TUS,3636
LEX,4017,MSP,3858,TVC,4023
LEX,4017,MSP,3858,TYS,3676
LEX,4017,MSP,3858,XNA,4356
LEX,4017,MSP,3858,YEG,49
LEX,4017,MSP,3858,YQR,120
LEX,4017,MSP,3858,YUL,146
LEX,4017,MSP,3858,YVR,156
LEX,4017,MSP,3858,YWG,160
LEX,4017,MSP,3858,YXE,166
LEX,4017,MSP,3858,YYC,178
LEX,4017,MSP,3858,YYZ,193
LEX,4017,ORD,3830,AMS,580
LEX,4017,ORD,3830,ATL,3682
LEX,4017,ORD,3830,CDG,1382
LEX,4017,ORD,3830,CVG,3488
LEX,4017,ORD,3830,DTW,3645
LEX,4017,ORD,3830,FCO,1555
LEX,4017,ORD,3830,GDL,1804
LEX,4017,ORD,3830,ICN,3930
LEX,4017,ORD,3830,JFK,3797
LEX,4017,ORD,3830,LGA,3697
LEX,4017,ORD,3830,LHR,507
LEX,4017,ORD,3830,MEM,3473
LEX,4017,ORD,3830,MEX,1824
LEX,4017,ORD,3830,MSP,3858
LEX,4017,ORD,3830,SLC,3536
LEX,4017,ORD,3830,YVR,156
LEX,4017,ORD,3830,YYC,178
LEX,4017,FLL,3533,ARN,737
LEX,4017,FLL,3533,CPH,609
LEX,4017,FLL,3533,OSL,644
LEX,4017,ATL,3682,ORD,3830
LEX,4017,ORD,3830,ATL,3682
LEX,4017,ORD,3830,DUB,599
LEX,4017,ORD,3830,MSY,3861
LEX,4017,DFW,3670,DXB,2188
LEX,4017,IAH,3550,DXB,2188
LEX,4017,ATL,3682,ORD,3830
LEX,4017,ORD,3830,ATL,3682
LEX,4017,ORD,3830,AUH,2179
LEX,4017,ORD,3830,MSY,3861
LEX,4017,ORD,3830,YUL,146
LEX,4017,ORD,3830,YYZ,193
LEX,4017,ATL,3682,DEN,3751
LEX,4017,ATL,3682,TTN,3447
LEX,4017,CLT,3876,TTN,3447
LEX,4017,DCA,3520,DEN,3751
LEX,4017,DFW,3670,DEN,3751
LEX,4017,DTW,3645,DEN,3751
LEX,4017,DTW,3645,ILG,3859
LEX,4017,DTW,3645,TTN,3447
LEX,4017,FLL,3533,DEN,3751
LEX,4017,FLL,3533,TTN,3447
LEX,4017,IAH,3550,DEN,3751
LEX,4017,LGA,3697,DEN,3751
LEX,4017,MSP,3858,DEN,3751
LEX,4017,ORD,3830,MBJ,1780
LEX,4017,ORD,3830,PUJ,1760
LEX,4017,ORD,3830,PVR,1836
LEX,4017,ORD,3830,SJD,1840
LEX,4017,SFB,4167,KEF,16
LEX,4017,ATL,3682,AUA,2895
LEX,4017,ATL,3682,AUS,3673
LEX,4017,ATL,3682,BDL,3825
LEX,4017,ATL,3682,BOS,3448
LEX,4017,ATL,3682,BWI,3849
LEX,4017,ATL,3682,CAK,4112
LEX,4017,ATL,3682,CMH,3759
LEX,4017,ATL,3682,CUN,1852
LEX,4017,ATL,3682,DAY,3627
LEX,4017,ATL,3682,DCA,3520
LEX,4017,ATL,3682,DEN,3751
LEX,4017,ATL,3682,DTW,3645
LEX,4017,ATL,3682,FLL,3533
LEX,4017,ATL,3682,HOU,3566
LEX,4017,ATL,3682,IND,3585
LEX,4017,ATL,3682,JAX,3712
LEX,4017,ATL,3682,LAS,3877
LEX,4017,ATL,3682,LAX,3484
LEX,4017,ATL,3682,LGA,3697
LEX,4017,ATL,3682,MBJ,1780
LEX,4017,ATL,3682,MCI,3458
LEX,4017,ATL,3682,MCO,3878
LEX,4017,ATL,3682,MDW,3747
LEX,4017,ATL,3682,MKE,3717
LEX,4017,ATL,3682,MSP,3858
LEX,4017,ATL,3682,MSY,3861
LEX,4017,ATL,3682,NAS,1953
LEX,4017,ATL,3682,OKC,3863
LEX,4017,ATL,3682,ORF,3611
LEX,4017,ATL,3682,PBI,3722
LEX,4017,ATL,3682,PHL,3752
LEX,4017,ATL,3682,PHX,3462
LEX,4017,ATL,3682,PIT,3570
LEX,4017,ATL,3682,PUJ,1760
LEX,4017,ATL,3682,RDU,3626
LEX,4017,ATL,3682,RIC,3608
LEX,4017,ATL,3682,RSW,3793
LEX,4017,ATL,3682,SAN,3731
LEX,4017,ATL,3682,SAT,3621
LEX,4017,ATL,3682,SDF,4014
LEX,4017,ATL,3682,SFO,3469
LEX,4017,ATL,3682,SJU,2890
LEX,4017,ATL,3682,STL,3678
LEX,4017,ATL,3682,TPA,3646
LEX,4017,CLT,3876,BWI,3849
LEX,4017,CLT,3876,MCO,3878
LEX,4017,CLT,3876,MDW,3747
LEX,4017,DCA,3520,ATL,3682
LEX,4017,DCA,3520,MKE,3717
LEX,4017,DCA,3520,RSW,3793
LEX,4017,DFW,3670,AUS,3673
LEX,4017,DTW,3645,ATL,3682
LEX,4017,DTW,3645,BWI,3849
LEX,4017,DTW,3645,LAX,3484
LEX,4017,DTW,3645,MDW,3747
LEX,4017,FLL,3533,ATL,3682
LEX,4017,FLL,3533,AUS,3673
LEX,4017,FLL,3533,BWI,3849
LEX,4017,FLL,3533,HOU,3566
LEX,4017,FLL,3533,MKE,3717
LEX,4017,FLL,3533,MSY,3861
LEX,4017,FLL,3533,PHX,3462
LEX,4017,FLL,3533,SFO,3469
LEX,4017,FLL,3533,SJU,2890
LEX,4017,FLL,3533,TPA,3646
LEX,4017,LGA,3697,ATL,3682
LEX,4017,LGA,3697,CAK,4112
LEX,4017,LGA,3697,MDW,3747
LEX,4017,MSP,3858,ATL,3682
LEX,4017,MSP,3858,DEN,3751
LEX,4017,MSP,3858,MCI,3458
LEX,4017,MSP,3858,MCO,3878
LEX,4017,MSP,3858,MDW,3747
LEX,4017,MSP,3858,MKE,3717
LEX,4017,MSP,3858,OAK,3453
LEX,4017,MSP,3858,PHX,3462
LEX,4017,MSP,3858,STL,3678
LEX,4017,DTW,3645,GRU,2564
LEX,4017,FLL,3533,AVL,4007
LEX,4017,FLL,3533,GSP,4034
LEX,4017,FLL,3533,LEX,4017
LEX,4017,FLL,3533,PBG,3771
LEX,4017,FLL,3533,TYS,3676
LEX,4017,PGD,7056,ABE,4355
LEX,4017,PGD,7056,AVL,4007
LEX,4017,PGD,7056,CID,4043
LEX,4017,PGD,7056,CVG,3488
LEX,4017,PGD,7056,DSM,3729
LEX,4017,PGD,7056,FWA,4041
LEX,4017,PGD,7056,GSP,4034
LEX,4017,PGD,7056,IAG,3630
LEX,4017,PGD,7056,ISP,3857
LEX,4017,PGD,7056,LEX,4017
LEX,4017,PGD,7056,PIA,4046
LEX,4017,PGD,7056,RFD,4028
LEX,4017,PGD,7056,SBN,4359
LEX,4017,PGD,7056,SGF,4348
LEX,4017,PGD,7056,SPI,4336
LEX,4017,PGD,7056,TOL,4040
LEX,4017,PGD,7056,TYS,3676
LEX,4017,PGD,7056,YNG,3881
LEX,4017,PIE,3617,ABE,4355
LEX,4017,PIE,3617,AVL,4007
LEX,4017,PIE,3617,BGR,3463
LEX,4017,PIE,3617,CHA,3578
LEX,4017,PIE,3617,CID,4043
LEX,4017,PIE,3617,DSM,3729
LEX,4017,PIE,3617,ELM,3946
LEX,4017,PIE,3617,FAR,4292
LEX,4017,PIE,3617,FSD,4009
LEX,4017,PIE,3617,FWA,4041
LEX,4017,PIE,3617,GRR,3685
LEX,4017,PIE,3617,GSO,4008
LEX,4017,PIE,3617,GSP,4034
LEX,4017,PIE,3617,HTS,5742
LEX,4017,PIE,3617,IAG,3630
LEX,4017,PIE,3617,LCK,3674
LEX,4017,PIE,3617,LEX,4017
LEX,4017,PIE,3617,MDT,3542
LEX,4017,PIE,3617,MLI,4072
LEX,4017,PIE,3617,PBG,3771
LEX,4017,PIE,3617,PIA,4046
LEX,4017,PIE,3617,RFD,4028
LEX,4017,PIE,3617,ROA,4016
LEX,4017,PIE,3617,SBN,4359
LEX,4017,PIE,3617,SGF,4348
LEX,4017,PIE,3617,SWF,3661
LEX,4017,PIE,3617,SYR,3745
LEX,4017,PIE,3617,TOL,4040
LEX,4017,PIE,3617,TRI,4116
LEX,4017,PIE,3617,TYS,3676
LEX,4017,PIE,3617,YNG,3881
LEX,4017,SFB,4167,ABE,4355
LEX,4017,SFB,4167,ATW,4047
LEX,4017,SFB,4167,AVL,4007
LEX,4017,SFB,4167,AVP,4286
LEX,4017,SFB,4167,BGR,3463
LEX,4017,SFB,4167,BIS,4083
LEX,4017,SFB,4167,BLV,3790
LEX,4017,SFB,4167,BMI,4037
LEX,4017,SFB,4167,BTV,3711
LEX,4017,SFB,4167,CHA,3578
LEX,4017,SFB,4167,CID,4043
LEX,4017,SFB,4167,CKB,5730
LEX,4017,SFB,4167,CVG,3488
LEX,4017,SFB,4167,DSM,3729
LEX,4017,SFB,4167,ELM,3946
LEX,4017,SFB,4167,FAR,4292
LEX,4017,SFB,4167,FSD,4009
LEX,4017,SFB,4167,FWA,4041
LEX,4017,SFB,4167,GFK,3442
LEX,4017,SFB,4167,GRR,3685
LEX,4017,SFB,4167,GSO,4008
LEX,4017,SFB,4167,GSP,4034
LEX,4017,SFB,4167,HGR,6739
LEX,4017,SFB,4167,HTS,5742
LEX,4017,SFB,4167,IAG,3630
LEX,4017,SFB,4167,LAN,3544
LEX,4017,SFB,4167,LCK,3674
LEX,4017,SFB,4167,LEX,4017
LEX,4017,SFB,4167,LIT,3660
LEX,4017,SFB,4167,MDT,3542
LEX,4017,SFB,4167,MLI,4072
LEX,4017,SFB,4167,OKC,3863
LEX,4017,SFB,4167,OWB,5758
LEX,4017,SFB,4167,PBG,3771
LEX,4017,SFB,4167,PHF,3633
LEX,4017,SFB,4167,PSM,5763
LEX,4017,SFB,4167,RFD,4028
LEX,4017,SFB,4167,ROA,4016
LEX,4017,SFB,4167,SBN,4359
LEX,4017,SFB,4167,SGF,4348
LEX,4017,SFB,4167,SPI,4336
LEX,4017,SFB,4167,TOL,4040
LEX,4017,SFB,4167,TRI,4116
LEX,4017,SFB,4167,TUL,3855
LEX,4017,SFB,4167,TYS,3676
LEX,4017,SFB,4167,XNA,4356
LEX,4017,SFB,4167,YNG,3881
LEX,4017,ORD,3830,PEK,3364
LEX,4017,ORD,3830,PVG,3406
LEX,4017,ATL,3682,LHR,507
LEX,4017,ATL,3682,MIA,3576
LEX,4017,ATL,3682,ORD,3830
LEX,4017,DFW,3670,CDG,1382
LEX,4017,DFW,3670,FRA,340
LEX,4017,DFW,3670,LHR,507
LEX,4017,DFW,3670,MAD,1229
LEX,4017,IAH,3550,LHR,507
LEX,4017,ORD,3830,ATL,3682
LEX,4017,ORD,3830,CDG,1382
LEX,4017,ORD,3830,DUB,599
LEX,4017,ORD,3830,DUS,345
LEX,4017,ORD,3830,FCO,1555
LEX,4017,ORD,3830,LHR,507
LEX,4017,ORD,3830,MAD,1229
LEX,4017,ORD,3830,MAN,478
LEX,4017,ORD,3830,MSY,3861
LEX,4017,DFW,3670,GIG,2560
LEX,4017,DFW,3670,GRU,2564
LEX,4017,DFW,3670,MSY,3861
LEX,4017,DFW,3670,NRT,2279
LEX,4017,ORD,3830,ATL,3682
LEX,4017,ORD,3830,MSY,3861
LEX,4017,ORD,3830,NRT,2279
LEX,4017,ATL,3682,GIG,2560
LEX,4017,ATL,3682,ICN,3930
LEX,4017,ATL,3682,JFK,3797
LEX,4017,ATL,3682,SCL,2650
LEX,4017,DFW,3670,ICN,3930
LEX,4017,IAH,3550,ICN,3930
LEX,4017,ORD,3830,ICN,3930
LEX,4017,ATL,3682,ABE,4355
LEX,4017,ATL,3682,ABQ,4019
LEX,4017,ATL,3682,ABY,5715
LEX,4017,ATL,3682,AEX,3852
LEX,4017,ATL,3682,AGS,3658
LEX,4017,ATL,3682,ALB,3864
LEX,4017,ATL,3682,AMS,580
LEX,4017,ATL,3682,ATW,4047
LEX,4017,ATL,3682,AUS,3673
LEX,4017,ATL,3682,AVL,4007
LEX,4017,ATL,3682,AVP,4286
LEX,4017,ATL,3682,BDL,3825
LEX,4017,ATL,3682,BHM,3811
LEX,4017,ATL,3682,BMI,4037
LEX,4017,ATL,3682,BNA,3690
LEX,4017,ATL,3682,BOS,3448
LEX,4017,ATL,3682,BQK,5725
LEX,4017,ATL,3682,BRU,302
LEX,4017,ATL,3682,BTR,3846
LEX,4017,ATL,3682,BTV,3711
LEX,4017,ATL,3682,BUF,3820
LEX,4017,ATL,3682,BWI,3849
LEX,4017,ATL,3682,CAE,3561
LEX,4017,ATL,3682,CAK,4112
LEX,4017,ATL,3682,CHA,3578
LEX,4017,ATL,3682,CHO,4015
LEX,4017,ATL,3682,CHS,3806
LEX,4017,ATL,3682,CID,4043
LEX,4017,ATL,3682,CLE,3486
LEX,4017,ATL,3682,CLT,3876
LEX,4017,ATL,3682,CMH,3759
LEX,4017,ATL,3682,COS,3819
LEX,4017,ATL,3682,CRW,4285
LEX,4017,ATL,3682,CSG,4255
LEX,4017,ATL,3682,CUN,1852
LEX,4017,ATL,3682,CVG,3488
LEX,4017,ATL,3682,CZM,1800
LEX,4017,ATL,3682,DAB,3950
LEX,4017,ATL,3682,DAL,3502
LEX,4017,ATL,3682,DAY,3627
LEX,4017,ATL,3682,DCA,3520
LEX,4017,ATL,3682,DEN,3751
LEX,4017,ATL,3682,DFW,3670
LEX,4017,ATL,3682,DHN,3739
LEX,4017,ATL,3682,DSM,3729
LEX,4017,ATL,3682,DTW,3645
LEX,4017,ATL,3682,DUB,599
LEX,4017,ATL,3682,DUS,345
LEX,4017,ATL,3682,ECP,7669
LEX,4017,ATL,3682,ELP,3559
LEX,4017,ATL,3682,EVV,4018
LEX,4017,ATL,3682,EWN,3730
LEX,4017,ATL,3682,EWR,3494
LEX,4017,ATL,3682,EYW,3875
LEX,4017,ATL,3682,FAY,5738
LEX,4017,ATL,3682,FCO,1555
LEX,4017,ATL,3682,FLL,3533
LEX,4017,ATL,3682,FNT,4089
LEX,4017,ATL,3682,FRA,340
LEX,4017,ATL,3682,FSM,3437
LEX,4017,ATL,3682,FWA,4041
LEX,4017,ATL,3682,GDL,1804
LEX,4017,ATL,3682,GNV,3472
LEX,4017,ATL,3682,GPT,4038
LEX,4017,ATL,3682,GRB,3653
LEX,4017,ATL,3682,GRK,3775
LEX,4017,ATL,3682,GRR,3685
LEX,4017,ATL,3682,GSO,4008
LEX,4017,ATL,3682,GSP,4034
LEX,4017,ATL,3682,GTR,4273
LEX,4017,ATL,3682,HOU,3566
LEX,4017,ATL,3682,HPN,3589
LEX,4017,ATL,3682,HSV,4113
LEX,4017,ATL,3682,IAD,3714
LEX,4017,ATL,3682,IAH,3550
LEX,4017,ATL,3682,ICT,3457
LEX,4017,ATL,3682,ILM,3845
LEX,4017,ATL,3682,IND,3585
LEX,4017,ATL,3682,JAN,3580
LEX,4017,ATL,3682,JAX,3712
LEX,4017,ATL,3682,JFK,3797
LEX,4017,ATL,3682,LAS,3877
LEX,4017,ATL,3682,LAX,3484
LEX,4017,ATL,3682,LEX,4017
LEX,4017,ATL,3682,LFT,3493
LEX,4017,ATL,3682,LGA,3697
LEX,4017,ATL,3682,LHR,507
LEX,4017,ATL,3682,LIT,3660
LEX,4017,ATL,3682,MAD,1229
LEX,4017,ATL,3682,MAN,478
LEX,4017,ATL,3682,MCI,3458
LEX,4017,ATL,3682,MCO,3878
LEX,4017,ATL,3682,MDT,3542
LEX,4017,ATL,3682,MDW,3747
LEX,4017,ATL,3682,MEM,3473
LEX,4017,ATL,3682,MEX,1824
LEX,4017,ATL,3682,MGM,4115
LEX,4017,ATL,3682,MHT,4011
LEX,4017,ATL,3682,MIA,3576
LEX,4017,ATL,3682,MKE,3717
LEX,4017,ATL,3682,MLB,3671
LEX,4017,ATL,3682,MLI,4072
LEX,4017,ATL,3682,MLU,3732
LEX,4017,ATL,3682,MOB,3782
LEX,4017,ATL,3682,MSN,3459
LEX,4017,ATL,3682,MSP,3858
LEX,4017,ATL,3682,MSY,3861
LEX,4017,ATL,3682,MTY,1825
LEX,4017,ATL,3682,MUC,346
LEX,4017,ATL,3682,MYR,3515
LEX,4017,ATL,3682,OAJ,4386
LEX,4017,ATL,3682,OKC,3863
LEX,4017,ATL,3682,OMA,3454
LEX,4017,ATL,3682,ORD,3830
LEX,4017,ATL,3682,ORF,3611
LEX,4017,ATL,3682,PBI,3722
LEX,4017,ATL,3682,PDX,3720
LEX,4017,ATL,3682,PHF,3633
LEX,4017,ATL,3682,PHL,3752
LEX,4017,ATL,3682,PHX,3462
LEX,4017,ATL,3682,PIA,4046
LEX,4017,ATL,3682,PIT,3570
LEX,4017,ATL,3682,PNS,3564
LEX,4017,ATL,3682,PVD,3641
LEX,4017,ATL,3682,PWM,3862
LEX,4017,ATL,3682,RDU,3626
LEX,4017,ATL,3682,RIC,3608
LEX,4017,ATL,3682,ROA,4016
LEX,4017,ATL,3682,ROC,3622
LEX,4017,ATL,3682,RSW,3793
LEX,4017,ATL,3682,SAN,3731
LEX,4017,ATL,3682,SAT,3621
LEX,4017,ATL,3682,SAV,3613
LEX,4017,ATL,3682,SBN,4359
LEX,4017,ATL,3682,SDF,4014
LEX,4017,ATL,3682,SEA,3577
LEX,4017,ATL,3682,SFO,3469
LEX,4017,ATL,3682,SGF,4348
LEX,4017,ATL,3682,SHV,3609
LEX,4017,ATL,3682,SJC,3748
LEX,4017,ATL,3682,SJD,1840
LEX,4017,ATL,3682,SJU,2890
LEX,4017,ATL,3682,SLC,3536
LEX,4017,ATL,3682,SMF,3817
LEX,4017,ATL,3682,SNA,3867
LEX,4017,ATL,3682,SRQ,4067
LEX,4017,ATL,3682,STL,3678
LEX,4017,ATL,3682,STR,350
LEX,4017,ATL,3682,STT,2883
LEX,4017,ATL,3682,SYR,3745
LEX,4017,ATL,3682,TLH,3698
LEX,4017,ATL,3682,TPA,3646
LEX,4017,ATL,3682,TRI,4116
LEX,4017,ATL,3682,TUL,3855
LEX,4017,ATL,3682,TUS,3636
LEX,4017,ATL,3682,TYS,3676
LEX,4017,ATL,3682,VLD,5776
LEX,4017,ATL,3682,VPS,3873
LEX,4017,ATL,3682,XNA,4356
LEX,4017,CLT,3876,ATL,3682
LEX,4017,DCA,3520,ATL,3682
LEX,4017,DFW,3670,AMS,580
LEX,4017,DFW,3670,ATL,3682
LEX,4017,DTW,3645,AMS,580
LEX,4017,DTW,3645,ATL,3682
LEX,4017,DTW,3645,FRA,340
LEX,4017,DTW,3645,LHR,507
LEX,4017,DTW,3645,MSY,3861
LEX,4017,FLL,3533,ATL,3682
LEX,4017,IAH,3550,AMS,580
LEX,4017,IAH,3550,ATL,3682
LEX,4017,LGA,3697,ATL,3682
LEX,4017,MSP,3858,AMS,580
LEX,4017,MSP,3858,ATL,3682
LEX,4017,MSP,3858,LAX,3484
LEX,4017,MSP,3858,LHR,507
LEX,4017,MSP,3858,MSY,3861
LEX,4017,MSP,3858,SEA,3577
LEX,4017,MSP,3858,SFO,3469
LEX,4017,ORD,3830,AMS,580
LEX,4017,ORD,3830,ATL,3682
LEX,4017,ORD,3830,GCM,1926
LEX,4017,DFW,3670,BOG,2709
LEX,4017,DFW,3670,LIM,2789
LEX,4017,DFW,3670,SCL,2650
LEX,4017,ATL,3682,FRA,340
LEX,4017,ATL,3682,IAD,3714
LEX,4017,ATL,3682,ORD,3830
LEX,4017,CLT,3876,MUC,346
LEX,4017,DFW,3670,FRA,340
LEX,4017,DTW,3645,FRA,340
LEX,4017,IAH,3550,AMS,580
LEX,4017,IAH,3550,FRA,340
LEX,4017,IAH,3550,LHR,507
LEX,4017,IAH,3550,MSY,3861
LEX,4017,ORD,3830,AMS,580
LEX,4017,ORD,3830,ATL,3682
LEX,4017,ORD,3830,CDG,1382
LEX,4017,ORD,3830,DUS,345
LEX,4017,ORD,3830,FRA,340
LEX,4017,ORD,3830,LHR,507
LEX,4017,ORD,3830,MUC,346
LEX,4017,ORD,3830,WAW,679
LEX,4017,IAH,3550,VCT,5775
LEX,4017,ORD,3830,ZRH,1678
LEX,4017,ATL,3682,ORD,3830
LEX,4017,DFW,3670,FRA,340
LEX,4017,DFW,3670,LHR,507
LEX,4017,DFW,3670,NRT,2279
LEX,4017,ORD,3830,ATL,3682
LEX,4017,ORD,3830,CDG,1382
LEX,4017,ORD,3830,NRT,2279
LEX,4017,DTW,3645,PEK,3364
LEX,4017,DTW,3645,PVG,3406
LEX,4017,ATL,3682,IAD,3714
LEX,4017,ATL,3682,ORD,3830
LEX,4017,IAH,3550,NRT,2279
LEX,4017,ORD,3830,ATL,3682
LEX,4017,ORD,3830,MSY,3861
LEX,4017,ORD,3830,NRT,2279
LEX,4017,ATL,3682,DFW,3670
LEX,4017,ATL,3682,FLL,3533
LEX,4017,DFW,3670,ATL,3682
LEX,4017,DFW,3670,BOS,3448
LEX,4017,DFW,3670,BWI,3849
LEX,4017,DFW,3670,CUN,1852
LEX,4017,DFW,3670,DEN,3751
LEX,4017,DFW,3670,DTW,3645
LEX,4017,DFW,3670,FLL,3533
LEX,4017,DFW,3670,LAS,3877
LEX,4017,DFW,3670,LAX,3484
LEX,4017,DFW,3670,LGA,3697
LEX,4017,DFW,3670,MCO,3878
LEX,4017,DFW,3670,MSP,3858
LEX,4017,DFW,3670,MSY,3861
LEX,4017,DFW,3670,MYR,3515
LEX,4017,DFW,3670,OAK,3453
LEX,4017,DFW,3670,ORD,3830
LEX,4017,DFW,3670,PDX,3720
LEX,4017,DFW,3670,PHL,3752
LEX,4017,DFW,3670,PHX,3462
LEX,4017,DFW,3670,SAN,3731
LEX,4017,DFW,3670,SJD,1840
LEX,4017,DFW,3670,TPA,3646
LEX,4017,DTW,3645,ACY,3524
LEX,4017,DTW,3645,CUN,1852
LEX,4017,DTW,3645,DEN,3751
LEX,4017,DTW,3645,DFW,3670
LEX,4017,DTW,3645,FLL,3533
LEX,4017,DTW,3645,IAH,3550
LEX,4017,DTW,3645,LAS,3877
LEX,4017,DTW,3645,LAX,3484
LEX,4017,DTW,3645,LGA,3697
LEX,4017,DTW,3645,MCO,3878
LEX,4017,DTW,3645,MYR,3515
LEX,4017,DTW,3645,RSW,3793
LEX,4017,DTW,3645,TPA,3646
LEX,4017,FLL,3533,ACY,3524
LEX,4017,FLL,3533,ATL,3682
LEX,4017,FLL,3533,AUA,2895
LEX,4017,FLL,3533,AXM,2705
LEX,4017,FLL,3533,BOG,2709
LEX,4017,FLL,3533,BOS,3448
LEX,4017,FLL,3533,BQN,2885
LEX,4017,FLL,3533,BWI,3849
LEX,4017,FLL,3533,CTG,2714
LEX,4017,FLL,3533,CUN,1852
LEX,4017,FLL,3533,DEN,3751
LEX,4017,FLL,3533,DFW,3670
LEX,4017,FLL,3533,DTW,3645
LEX,4017,FLL,3533,GUA,1767
LEX,4017,FLL,3533,IAG,3630
LEX,4017,FLL,3533,KIN,1779
LEX,4017,FLL,3533,LAS,3877
LEX,4017,FLL,3533,LAX,3484
LEX,4017,FLL,3533,LBE,5747
LEX,4017,FLL,3533,LGA,3697
LEX,4017,FLL,3533,LIM,2789
LEX,4017,FLL,3533,MBJ,1780
LEX,4017,FLL,3533,MCO,3878
LEX,4017,FLL,3533,MDE,2745
LEX,4017,FLL,3533,MGA,1863
LEX,4017,FLL,3533,MYR,3515
LEX,4017,FLL,3533,ORD,3830
LEX,4017,FLL,3533,PAP,1897
LEX,4017,FLL,3533,PBG,3771
LEX,4017,FLL,3533,PTY,1871
LEX,4017,FLL,3533,PUJ,1760
LEX,4017,FLL,3533,SAL,1892
LEX,4017,FLL,3533,SAP,1772
LEX,4017,FLL,3533,SDQ,1762
LEX,4017,FLL,3533,SJO,1885
LEX,4017,FLL,3533,SJU,2890
LEX,4017,FLL,3533,STI,1764
LEX,4017,FLL,3533,STT,2883
LEX,4017,FLL,3533,SXM,2899
LEX,4017,FLL,3533,TLC,1850
LEX,4017,FLL,3533,TPA,3646
LEX,4017,FLL,3533,ZSA,1956
LEX,4017,IAH,3550,DEN,3751
LEX,4017,IAH,3550,DTW,3645
LEX,4017,IAH,3550,LAS,3877
LEX,4017,IAH,3550,LAX,3484
LEX,4017,IAH,3550,MCO,3878
LEX,4017,IAH,3550,MSP,3858
LEX,4017,IAH,3550,ORD,3830
LEX,4017,LGA,3697,DFW,3670
LEX,4017,LGA,3697,DTW,3645
LEX,4017,LGA,3697,FLL,3533
LEX,4017,LGA,3697,MYR,3515
LEX,4017,LGA,3697,ORD,3830
LEX,4017,MSP,3858,BWI,3849
LEX,4017,MSP,3858,DEN,3751
LEX,4017,MSP,3858,DFW,3670
LEX,4017,MSP,3858,IAH,3550
LEX,4017,MSP,3858,LAS,3877
LEX,4017,MSP,3858,LAX,3484
LEX,4017,MSP,3858,ORD,3830
LEX,4017,ORD,3830,ACY,3524
LEX,4017,ORD,3830,BOS,3448
LEX,4017,ORD,3830,DEN,3751
LEX,4017,ORD,3830,DFW,3670
LEX,4017,ORD,3830,FLL,3533
LEX,4017,ORD,3830,IAH,3550
LEX,4017,ORD,3830,LAS,3877
LEX,4017,ORD,3830,LAX,3484
LEX,4017,ORD,3830,LGA,3697
LEX,4017,ORD,3830,MCO,3878
LEX,4017,ORD,3830,MSP,3858
LEX,4017,ORD,3830,MYR,3515
LEX,4017,ORD,3830,OAK,3453
LEX,4017,ORD,3830,RSW,3793
LEX,4017,ORD,3830,TPA,3646
LEX,4017,ATL,3682,SFO,3469
LEX,4017,SFB,4167,MIA,3576
LEX,4017,ORD,3830,VIE,1613
LEX,4017,ATL,3682,JFK,3797
LEX,4017,ATL,3682,ORD,3830
LEX,4017,ORD,3830,ATL,3682
LEX,4017,ORD,3830,ICN,3930
LEX,4017,CLT,3876,LUK,3681
LEX,4017,FLL,3533,MHH,1930
LEX,4017,ATL,3682,DFW,3670
LEX,4017,ATL,3682,ORD,3830
LEX,4017,DFW,3670,ATL,3682
LEX,4017,DFW,3670,BNE,3320
LEX,4017,DFW,3670,MSY,3861
LEX,4017,ORD,3830,ATL,3682
LEX,4017,ORD,3830,MSY,3861
LEX,4017,ATL,3682,IAH,3550
LEX,4017,ATL,3682,ORD,3830
LEX,4017,IAH,3550,DOH,11051
LEX,4017,ORD,3830,ATL,3682
LEX,4017,ORD,3830,DOH,11051
LEX,4017,ORD,3830,JFK,3797
LEX,4017,ORD,3830,MSY,3861
LEX,4017,DTW,3645,YUL,146
LEX,4017,ORD,3830,AMM,2170
LEX,4017,ORD,3830,ARN,737
LEX,4017,ORD,3830,CPH,609
LEX,4017,ORD,3830,BRU,302
LEX,4017,IAH,3550,DME,4029
LEX,4017,ATL,3682,JFK,3797
LEX,4017,DCA,3520,LAN,3544
LEX,4017,DCA,3520,MSP,3858
LEX,4017,DFW,3670,CUN,1852
LEX,4017,DFW,3670,MSP,3858
LEX,4017,MSP,3858,BOS,3448
LEX,4017,MSP,3858,CUN,1852
LEX,4017,MSP,3858,DCA,3520
LEX,4017,MSP,3858,DFW,3670
LEX,4017,MSP,3858,JFK,3797
LEX,4017,MSP,3858,LAN,3544
LEX,4017,MSP,3858,LAS,3877
LEX,4017,MSP,3858,LAX,3484
LEX,4017,MSP,3858,MCO,3878
LEX,4017,MSP,3858,MDW,3747
LEX,4017,MSP,3858,PHX,3462
LEX,4017,MSP,3858,PSP,3839
LEX,4017,MSP,3858,PUJ,1760
LEX,4017,MSP,3858,RSW,3793
LEX,4017,MSP,3858,SAN,3731
LEX,4017,MSP,3858,SEA,3577
LEX,4017,MSP,3858,SFO,3469
LEX,4017,ATL,3682,YYZ,193
LEX,4017,IAH,3550,IST,1701
LEX,4017,IAH,3550,MSY,3861
LEX,4017,ORD,3830,IST,1701
LEX,4017,FLL,3533,YUL,146
LEX,4017,FLL,3533,YYZ,193
LEX,4017,ATL,3682,CLE,3486
LEX,4017,ATL,3682,DEN,3751
LEX,4017,ATL,3682,EWR,3494
LEX,4017,ATL,3682,FRA,340
LEX,4017,ATL,3682,IAD,3714
LEX,4017,ATL,3682,IAH,3550
LEX,4017,ATL,3682,LGA,3697
LEX,4017,ATL,3682,ORD,3830
LEX,4017,ATL,3682,SFO,3469
LEX,4017,ATL,3682,YYZ,193
LEX,4017,CLT,3876,CLE,3486
LEX,4017,CLT,3876,EWR,3494
LEX,4017,CLT,3876,IAD,3714
LEX,4017,CLT,3876,IAH,3550
LEX,4017,CLT,3876,ORD,3830
LEX,4017,DCA,3520,CLE,3486
LEX,4017,DCA,3520,DEN,3751
LEX,4017,DCA,3520,EWR,3494
LEX,4017,DCA,3520,IAH,3550
LEX,4017,DCA,3520,ORD,3830
LEX,4017,DCA,3520,SFO,3469
LEX,4017,DFW,3670,CLE,3486
LEX,4017,DFW,3670,DEN,3751
LEX,4017,DFW,3670,EWR,3494
LEX,4017,DFW,3670,FRA,340
LEX,4017,DFW,3670,IAD,3714
LEX,4017,DFW,3670,IAH,3550
LEX,4017,DFW,3670,LAX,3484
LEX,4017,DFW,3670,ORD,3830
LEX,4017,DFW,3670,SAL,1892
LEX,4017,DFW,3670,SFO,3469
LEX,4017,DFW,3670,YYZ,193
LEX,4017,DTW,3645,DEN,3751
LEX,4017,DTW,3645,EWR,3494
LEX,4017,DTW,3645,FRA,340
LEX,4017,DTW,3645,IAD,3714
LEX,4017,DTW,3645,IAH,3550
LEX,4017,DTW,3645,ORD,3830
LEX,4017,DTW,3645,YYZ,193
LEX,4017,FLL,3533,BIM,1937
LEX,4017,FLL,3533,CLE,3486
LEX,4017,FLL,3533,DEN,3751
LEX,4017,FLL,3533,ELH,1943
LEX,4017,FLL,3533,EWR,3494
LEX,4017,FLL,3533,EYW,3875
LEX,4017,FLL,3533,FPO,1948
LEX,4017,FLL,3533,GGT,1941
LEX,4017,FLL,3533,GHB,1944
LEX,4017,FLL,3533,IAD,3714
LEX,4017,FLL,3533,IAH,3550
LEX,4017,FLL,3533,MCO,3878
LEX,4017,FLL,3533,MHH,1930
LEX,4017,FLL,3533,ORD,3830
LEX,4017,FLL,3533,SFO,3469
LEX,4017,FLL,3533,TCB,1934
LEX,4017,FLL,3533,TPA,3646
LEX,4017,IAH,3550,ABQ,4019
LEX,4017,IAH,3550,ACA,1783
LEX,4017,IAH,3550,ACY,3524
LEX,4017,IAH,3550,AEX,3852
LEX,4017,IAH,3550,AGU,1785
LEX,4017,IAH,3550,AMA,3840
LEX,4017,IAH,3550,AMS,580
LEX,4017,IAH,3550,ATL,3682
LEX,4017,IAH,3550,AUS,3673
LEX,4017,IAH,3550,BFL,3558
LEX,4017,IAH,3550,BHM,3811
LEX,4017,IAH,3550,BJX,1815
LEX,4017,IAH,3550,BNA,3690
LEX,4017,IAH,3550,BOG,2709
LEX,4017,IAH,3550,BON,2896
LEX,4017,IAH,3550,BOS,3448
LEX,4017,IAH,3550,BRO,3738
LEX,4017,IAH,3550,BTR,3846
LEX,4017,IAH,3550,BWI,3849
LEX,4017,IAH,3550,BZE,1957
LEX,4017,IAH,3550,CAE,3561
LEX,4017,IAH,3550,CCS,2851
LEX,4017,IAH,3550,CHS,3806
LEX,4017,IAH,3550,CLE,3486
LEX,4017,IAH,3550,CLL,3715
LEX,4017,IAH,3550,CLT,3876
LEX,4017,IAH,3550,CME,1789
LEX,4017,IAH,3550,CMH,3759
LEX,4017,IAH,3550,COS,3819
LEX,4017,IAH,3550,CRP,3744
LEX,4017,IAH,3550,CRW,4285
LEX,4017,IAH,3550,CUN,1852
LEX,4017,IAH,3550,CUU,1797
LEX,4017,IAH,3550,CVG,3488
LEX,4017,IAH,3550,CZM,1800
LEX,4017,IAH,3550,DAL,3502
LEX,4017,IAH,3550,DCA,3520
LEX,4017,IAH,3550,DEN,3751
LEX,4017,IAH,3550,DFW,3670
LEX,4017,IAH,3550,DGO,1801
LEX,4017,IAH,3550,DSM,3729
LEX,4017,IAH,3550,DTW,3645
LEX,4017,IAH,3550,ELP,3559
LEX,4017,IAH,3550,EWR,3494
LEX,4017,IAH,3550,EZE,3988
LEX,4017,IAH,3550,FLL,3533
LEX,4017,IAH,3550,FRA,340
LEX,4017,IAH,3550,GCM,1926
LEX,4017,IAH,3550,GDL,1804
LEX,4017,IAH,3550,GIG,2560
LEX,4017,IAH,3550,GJT,4063
LEX,4017,IAH,3550,GPT,4038
LEX,4017,IAH,3550,GRK,3775
LEX,4017,IAH,3550,GRR,3685
LEX,4017,IAH,3550,GRU,2564
LEX,4017,IAH,3550,GSP,4034
LEX,4017,IAH,3550,GUA,1767
LEX,4017,IAH,3550,HNL,3728
LEX,4017,IAH,3550,HOB,3749
LEX,4017,IAH,3550,HRL,3560
LEX,4017,IAH,3550,HSV,4113
LEX,4017,IAH,3550,HUX,1786
LEX,4017,IAH,3550,IAD,3714
LEX,4017,IAH,3550,ICT,3457
LEX,4017,IAH,3550,IND,3585
LEX,4017,IAH,3550,JAN,3580
LEX,4017,IAH,3550,JAX,3712
LEX,4017,IAH,3550,LAS,3877
LEX,4017,IAH,3550,LAX,3484
LEX,4017,IAH,3550,LBB,3829
LEX,4017,IAH,3550,LCH,3513
LEX,4017,IAH,3550,LEX,4017
LEX,4017,IAH,3550,LFT,3493
LEX,4017,IAH,3550,LGA,3697
LEX,4017,IAH,3550,LHR,507
LEX,4017,IAH,3550,LIM,2789
LEX,4017,IAH,3550,LIR,1881
LEX,4017,IAH,3550,LIT,3660
LEX,4017,IAH,3550,LOS,273
LEX,4017,IAH,3550,LRD,3691
LEX,4017,IAH,3550,MAF,3652
LEX,4017,IAH,3550,MBJ,1780
LEX,4017,IAH,3550,MCI,3458
LEX,4017,IAH,3550,MCO,3878
LEX,4017,IAH,3550,MEM,3473
LEX,4017,IAH,3550,MEX,1824
LEX,4017,IAH,3550,MFE,3826
LEX,4017,IAH,3550,MGA,1863
LEX,4017,IAH,3550,MIA,3576
LEX,4017,IAH,3550,MID,1819
LEX,4017,IAH,3550,MKE,3717
LEX,4017,IAH,3550,MLM,1821
LEX,4017,IAH,3550,MLU,3732
LEX,4017,IAH,3550,MOB,3782
LEX,4017,IAH,3550,MSP,3858
LEX,4017,IAH,3550,MSY,3861
LEX,4017,IAH,3550,MTY,1825
LEX,4017,IAH,3550,MUC,346
LEX,4017,IAH,3550,NAS,1953
LEX,4017,IAH,3550,NRT,2279
LEX,4017,IAH,3550,OAX,1829
LEX,4017,IAH,3550,OKC,3863
LEX,4017,IAH,3550,OMA,3454
LEX,4017,IAH,3550,ONT,3734
LEX,4017,IAH,3550,ORD,3830
LEX,4017,IAH,3550,ORF,3611
LEX,4017,IAH,3550,PBC,1831
LEX,4017,IAH,3550,PBI,3722
LEX,4017,IAH,3550,PDX,3720
LEX,4017,IAH,3550,PEK,3364
LEX,4017,IAH,3550,PHL,3752
LEX,4017,IAH,3550,PHX,3462
LEX,4017,IAH,3550,PIT,3570
LEX,4017,IAH,3550,PNS,3564
LEX,4017,IAH,3550,POS,2902
LEX,4017,IAH,3550,PSP,3839
LEX,4017,IAH,3550,PTY,1871
LEX,4017,IAH,3550,PVR,1836
LEX,4017,IAH,3550,QRO,1838
LEX,4017,IAH,3550,RDU,3626
LEX,4017,IAH,3550,RIC,3608
LEX,4017,IAH,3550,RSW,3793
LEX,4017,IAH,3550,RTB,1774
LEX,4017,IAH,3550,SAL,1892
LEX,4017,IAH,3550,SAN,3731
LEX,4017,IAH,3550,SAP,1772
LEX,4017,IAH,3550,SAT,3621
LEX,4017,IAH,3550,SAV,3613
LEX,4017,IAH,3550,SDF,4014
LEX,4017,IAH,3550,SEA,3577
LEX,4017,IAH,3550,SFO,3469
LEX,4017,IAH,3550,SHV,3609
LEX,4017,IAH,3550,SJC,3748
LEX,4017,IAH,3550,SJD,1840
LEX,4017,IAH,3550,SJO,1885
LEX,4017,IAH,3550,SJU,2890
LEX,4017,IAH,3550,SLC,3536
LEX,4017,IAH,3550,SLP,1842
LEX,4017,IAH,3550,SLW,1810
LEX,4017,IAH,3550,SMF,3817
LEX,4017,IAH,3550,SNA,3867
LEX,4017,IAH,3550,STL,3678
LEX,4017,IAH,3550,TAM,1848
LEX,4017,IAH,3550,TGU,1776
LEX,4017,IAH,3550,TPA,3646
LEX,4017,IAH,3550,TRC,1845
LEX,4017,IAH,3550,TUL,3855
LEX,4017,IAH,3550,TUS,3636
LEX,4017,IAH,3550,TYR,3848
LEX,4017,IAH,3550,TYS,3676
LEX,4017,IAH,3550,UIO,2688
LEX,4017,IAH,3550,VER,1854
LEX,4017,IAH,3550,VPS,3873
LEX,4017,IAH,3550,VSA,1853
LEX,4017,IAH,3550,XNA,4356
LEX,4017,IAH,3550,YEG,49
LEX,4017,IAH,3550,YUL,146
LEX,4017,IAH,3550,YVR,156
LEX,4017,IAH,3550,YYC,178
LEX,4017,IAH,3550,YYZ,193
LEX,4017,IAH,3550,ZIH,1856
LEX,4017,IAH,3550,ZLO,1858
LEX,4017,LGA,3697,CLE,3486
LEX,4017,LGA,3697,DEN,3751
LEX,4017,LGA,3697,IAD,3714
LEX,4017,LGA,3697,IAH,3550
LEX,4017,LGA,3697,ORD,3830
LEX,4017,LGA,3697,YOW,100
LEX,4017,LGA,3697,YUL,146
LEX,4017,LGA,3697,YYZ,193
LEX,4017,MSP,3858,CLE,3486
LEX,4017,MSP,3858,DEN,3751
LEX,4017,MSP,3858,EWR,3494
LEX,4017,MSP,3858,IAD,3714
LEX,4017,MSP,3858,IAH,3550
LEX,4017,MSP,3858,LAX,3484
LEX,4017,MSP,3858,ORD,3830
LEX,4017,MSP,3858,SFO,3469
LEX,4017,MSP,3858,YYZ,193
LEX,4017,ORD,3830,ABE,4355
LEX,4017,ORD,3830,ABQ,4019
LEX,4017,ORD,3830,ACY,3524
LEX,4017,ORD,3830,ALB,3864
LEX,4017,ORD,3830,AMS,580
LEX,4017,ORD,3830,ANC,3774
LEX,4017,ORD,3830,ATL,3682
LEX,4017,ORD,3830,ATW,4047
LEX,4017,ORD,3830,AUS,3673
LEX,4017,ORD,3830,AVL,4007
LEX,4017,ORD,3830,AVP,4286
LEX,4017,ORD,3830,BDL,3825
LEX,4017,ORD,3830,BHM,3811
LEX,4017,ORD,3830,BNA,3690
LEX,4017,ORD,3830,BOI,3495
LEX,4017,ORD,3830,BOS,3448
LEX,4017,ORD,3830,BRU,302
LEX,4017,ORD,3830,BTV,3711
LEX,4017,ORD,3830,BUF,3820
LEX,4017,ORD,3830,BWI,3849
LEX,4017,ORD,3830,BZN,4020
LEX,4017,ORD,3830,CAE,3561
LEX,4017,ORD,3830,CAK,4112
LEX,4017,ORD,3830,CDG,1382
LEX,4017,ORD,3830,CHS,3806
LEX,4017,ORD,3830,CID,4043
LEX,4017,ORD,3830,CLE,3486
LEX,4017,ORD,3830,CLT,3876
LEX,4017,ORD,3830,CMH,3759
LEX,4017,ORD,3830,CMX,5732
LEX,4017,ORD,3830,COS,3819
LEX,4017,ORD,3830,CRW,4285
LEX,4017,ORD,3830,CUN,1852
LEX,4017,ORD,3830,CVG,3488
LEX,4017,ORD,3830,CWA,4045
LEX,4017,ORD,3830,DAY,3627
LEX,4017,ORD,3830,DCA,3520
LEX,4017,ORD,3830,DEN,3751
LEX,4017,ORD,3830,DFW,3670
LEX,4017,ORD,3830,DLH,3598
LEX,4017,ORD,3830,DSM,3729
LEX,4017,ORD,3830,DTW,3645
LEX,4017,ORD,3830,DUB,599
LEX,4017,ORD,3830,DUS,345
LEX,4017,ORD,3830,EAU,5735
LEX,4017,ORD,3830,ELM,3946
LEX,4017,ORD,3830,EWR,3494
LEX,4017,ORD,3830,FAR,4292
LEX,4017,ORD,3830,FLL,3533
LEX,4017,ORD,3830,FOE,3843
LEX,4017,ORD,3830,FRA,340
LEX,4017,ORD,3830,FSD,4009
LEX,4017,ORD,3830,FWA,4041
LEX,4017,ORD,3830,GRB,3653
LEX,4017,ORD,3830,GRR,3685
LEX,4017,ORD,3830,GRU,2564
LEX,4017,ORD,3830,GSO,4008
LEX,4017,ORD,3830,GSP,4034
LEX,4017,ORD,3830,HKG,3077
LEX,4017,ORD,3830,HNL,3728
LEX,4017,ORD,3830,HPN,3589
LEX,4017,ORD,3830,HSV,4113
LEX,4017,ORD,3830,IAD,3714
LEX,4017,ORD,3830,IAH,3550
LEX,4017,ORD,3830,ICT,3457
LEX,4017,ORD,3830,IND,3585
LEX,4017,ORD,3830,JAN,3580
LEX,4017,ORD,3830,JAX,3712
LEX,4017,ORD,3830,LAN,3544
LEX,4017,ORD,3830,LAS,3877
LEX,4017,ORD,3830,LAX,3484
LEX,4017,ORD,3830,LEX,4017
LEX,4017,ORD,3830,LGA,3697
LEX,4017,ORD,3830,LHR,507
LEX,4017,ORD,3830,LIT,3660
LEX,4017,ORD,3830,LNK,3543
LEX,4017,ORD,3830,MBS,4128
LEX,4017,ORD,3830,MCI,3458
LEX,4017,ORD,3830,MCO,3878
LEX,4017,ORD,3830,MDT,3542
LEX,4017,ORD,3830,MEM,3473
LEX,4017,ORD,3830,MEX,1824
LEX,4017,ORD,3830,MHT,4011
LEX,4017,ORD,3830,MIA,3576
LEX,4017,ORD,3830,MKE,3717
LEX,4017,ORD,3830,MKG,5754
LEX,4017,ORD,3830,MLI,4072
LEX,4017,ORD,3830,MOB,3782
LEX,4017,ORD,3830,MSN,3459
LEX,4017,ORD,3830,MSP,3858
LEX,4017,ORD,3830,MSY,3861
LEX,4017,ORD,3830,MTY,1825
LEX,4017,ORD,3830,MUC,346
LEX,4017,ORD,3830,MYR,3515
LEX,4017,ORD,3830,NAS,1953
LEX,4017,ORD,3830,NRT,2279
LEX,4017,ORD,3830,OGG,3456
LEX,4017,ORD,3830,OKC,3863
LEX,4017,ORD,3830,OMA,3454
LEX,4017,ORD,3830,ORF,3611
LEX,4017,ORD,3830,PAH,4117
LEX,4017,ORD,3830,PDX,3720
LEX,4017,ORD,3830,PEK,3364
LEX,4017,ORD,3830,PHL,3752
LEX,4017,ORD,3830,PHX,3462
LEX,4017,ORD,3830,PIA,4046
LEX,4017,ORD,3830,PIT,3570
LEX,4017,ORD,3830,PNS,3564
LEX,4017,ORD,3830,PTY,1871
LEX,4017,ORD,3830,PUJ,1760
LEX,4017,ORD,3830,PVD,3641
LEX,4017,ORD,3830,PVG,3406
LEX,4017,ORD,3830,PVR,1836
LEX,4017,ORD,3830,PWM,3862
LEX,4017,ORD,3830,RAP,4087
LEX,4017,ORD,3830,RDU,3626
LEX,4017,ORD,3830,RIC,3608
LEX,4017,ORD,3830,ROA,4016
LEX,4017,ORD,3830,ROC,3622
LEX,4017,ORD,3830,RSW,3793
LEX,4017,ORD,3830,SAN,3731
LEX,4017,ORD,3830,SAT,3621
LEX,4017,ORD,3830,SAV,3613
LEX,4017,ORD,3830,SBN,4359
LEX,4017,ORD,3830,SCE,4318
LEX,4017,ORD,3830,SDF,4014
LEX,4017,ORD,3830,SEA,3577
LEX,4017,ORD,3830,SFO,3469
LEX,4017,ORD,3830,SGF,4348
LEX,4017,ORD,3830,SJD,1840
LEX,4017,ORD,3830,SJO,1885
LEX,4017,ORD,3830,SJU,2890
LEX,4017,ORD,3830,SLC,3536
LEX,4017,ORD,3830,SMF,3817
LEX,4017,ORD,3830,SNA,3867
LEX,4017,ORD,3830,SPI,4336
LEX,4017,ORD,3830,SRQ,4067
LEX,4017,ORD,3830,STC,4271
LEX,4017,ORD,3830,STL,3678
LEX,4017,ORD,3830,STT,2883
LEX,4017,ORD,3830,SXM,2899
LEX,4017,ORD,3830,SYR,3745
LEX,4017,ORD,3830,TPA,3646
LEX,4017,ORD,3830,TUL,3855
LEX,4017,ORD,3830,TVC,4023
LEX,4017,ORD,3830,TYS,3676
LEX,4017,ORD,3830,VIE,1613
LEX,4017,ORD,3830,XNA,4356
LEX,4017,ORD,3830,YEG,49
LEX,4017,ORD,3830,YHZ,73
LEX,4017,ORD,3830,YOW,100
LEX,4017,ORD,3830,YQB,111
LEX,4017,ORD,3830,YQR,120
LEX,4017,ORD,3830,YUL,146
LEX,4017,ORD,3830,YVR,156
LEX,4017,ORD,3830,YWG,160
LEX,4017,ORD,3830,YXE,166
LEX,4017,ORD,3830,YXU,174
LEX,4017,ORD,3830,YYC,178
LEX,4017,ORD,3830,YYZ,193
LEX,4017,ORD,3830,ZRH,1678
LEX,4017,IAH,3550,DME,4029
LEX,4017,FLL,3533,FPO,1948
LEX,4017,FLL,3533,NAS,1953
LEX,4017,ATL,3682,CLT,3876
LEX,4017,ATL,3682,DFW,3670
LEX,4017,ATL,3682,MIA,3576
LEX,4017,ATL,3682,ORD,3830
LEX,4017,ATL,3682,PHL,3752
LEX,4017,ATL,3682,PHX,3462
LEX,4017,CLT,3876,ABE,4355
LEX,4017,CLT,3876,AGS,3658
LEX,4017,CLT,3876,ALB,3864
LEX,4017,CLT,3876,ANU,2874
LEX,4017,CLT,3876,ATL,3682
LEX,4017,CLT,3876,AUA,2895
LEX,4017,CLT,3876,AUS,3673
LEX,4017,CLT,3876,AVL,4007
LEX,4017,CLT,3876,AVP,4286
LEX,4017,CLT,3876,BDL,3825
LEX,4017,CLT,3876,BHM,3811
LEX,4017,CLT,3876,BNA,3690
LEX,4017,CLT,3876,BOS,3448
LEX,4017,CLT,3876,BTR,3846
LEX,4017,CLT,3876,BUF,3820
LEX,4017,CLT,3876,BWI,3849
LEX,4017,CLT,3876,BZE,1957
LEX,4017,CLT,3876,CAE,3561
LEX,4017,CLT,3876,CAK,4112
LEX,4017,CLT,3876,CDG,1382
LEX,4017,CLT,3876,CHA,3578
LEX,4017,CLT,3876,CHO,4015
LEX,4017,CLT,3876,CHS,3806
LEX,4017,CLT,3876,CLE,3486
LEX,4017,CLT,3876,CMH,3759
LEX,4017,CLT,3876,CRW,4285
LEX,4017,CLT,3876,CUN,1852
LEX,4017,CLT,3876,CVG,3488
LEX,4017,CLT,3876,CZM,1800
LEX,4017,CLT,3876,DAB,3950
LEX,4017,CLT,3876,DAY,3627
LEX,4017,CLT,3876,DCA,3520
LEX,4017,CLT,3876,DEN,3751
LEX,4017,CLT,3876,DFW,3670
LEX,4017,CLT,3876,DSM,3729
LEX,4017,CLT,3876,DTW,3645
LEX,4017,CLT,3876,DUB,599
LEX,4017,CLT,3876,EWN,3730
LEX,4017,CLT,3876,EWR,3494
LEX,4017,CLT,3876,FAY,5738
LEX,4017,CLT,3876,FCO,1555
LEX,4017,CLT,3876,FLL,3533
LEX,4017,CLT,3876,FLO,3879
LEX,4017,CLT,3876,FPO,1948
LEX,4017,CLT,3876,FRA,340
LEX,4017,CLT,3876,GCM,1926
LEX,4017,CLT,3876,GIG,2560
LEX,4017,CLT,3876,GNV,3472
LEX,4017,CLT,3876,GPT,4038
LEX,4017,CLT,3876,GRU,2564
LEX,4017,CLT,3876,GSO,4008
LEX,4017,CLT,3876,GSP,4034
LEX,4017,CLT,3876,HHH,8314
LEX,4017,CLT,3876,HPN,3589
LEX,4017,CLT,3876,HSV,4113
LEX,4017,CLT,3876,HTS,5742
LEX,4017,CLT,3876,IAD,3714
LEX,4017,CLT,3876,IAH,3550
LEX,4017,CLT,3876,ILM,3845
LEX,4017,CLT,3876,IND,3585
LEX,4017,CLT,3876,JAN,3580
LEX,4017,CLT,3876,JAX,3712
LEX,4017,CLT,3876,JFK,3797
LEX,4017,CLT,3876,LAS,3877
LEX,4017,CLT,3876,LAX,3484
LEX,4017,CLT,3876,LEX,4017
LEX,4017,CLT,3876,LGA,3697
LEX,4017,CLT,3876,LHR,507
LEX,4017,CLT,3876,LIR,1881
LEX,4017,CLT,3876,LIT,3660
LEX,4017,CLT,3876,LYH,5753
LEX,4017,CLT,3876,MBJ,1780
LEX,4017,CLT,3876,MCI,3458
LEX,4017,CLT,3876,MCO,3878
LEX,4017,CLT,3876,MDT,3542
LEX,4017,CLT,3876,MEM,3473
LEX,4017,CLT,3876,MEX,1824
LEX,4017,CLT,3876,MGM,4115
LEX,4017,CLT,3876,MHT,4011
LEX,4017,CLT,3876,MIA,3576
LEX,4017,CLT,3876,MKE,3717
LEX,4017,CLT,3876,MLB,3671
LEX,4017,CLT,3876,MOB,3782
LEX,4017,CLT,3876,MSP,3858
LEX,4017,CLT,3876,MSY,3861
LEX,4017,CLT,3876,MYR,3515
LEX,4017,CLT,3876,NAS,1953
LEX,4017,CLT,3876,OAJ,4386
LEX,4017,CLT,3876,OMA,3454
LEX,4017,CLT,3876,ORD,3830
LEX,4017,CLT,3876,ORF,3611
LEX,4017,CLT,3876,PBI,3722
LEX,4017,CLT,3876,PDX,3720
LEX,4017,CLT,3876,PGV,6959
LEX,4017,CLT,3876,PHF,3633
LEX,4017,CLT,3876,PHL,3752
LEX,4017,CLT,3876,PHX,3462
LEX,4017,CLT,3876,PIT,3570
LEX,4017,CLT,3876,PLS,1754
LEX,4017,CLT,3876,PNS,3564
LEX,4017,CLT,3876,PUJ,1760
LEX,4017,CLT,3876,PVD,3641
LEX,4017,CLT,3876,PWM,3862
LEX,4017,CLT,3876,RDU,3626
LEX,4017,CLT,3876,RIC,3608
LEX,4017,CLT,3876,ROA,4016
LEX,4017,CLT,3876,ROC,3622
LEX,4017,CLT,3876,RSW,3793
LEX,4017,CLT,3876,SAN,3731
LEX,4017,CLT,3876,SAT,3621
LEX,4017,CLT,3876,SAV,3613
LEX,4017,CLT,3876,SBY,3642
LEX,4017,CLT,3876,SDF,4014
LEX,4017,CLT,3876,SEA,3577
LEX,4017,CLT,3876,SFO,3469
LEX,4017,CLT,3876,SJD,1840
LEX,4017,CLT,3876,SJO,1885
LEX,4017,CLT,3876,SJU,2890
LEX,4017,CLT,3876,SLC,3536
LEX,4017,CLT,3876,SMF,3817
LEX,4017,CLT,3876,SRQ,4067
LEX,4017,CLT,3876,STL,3678
LEX,4017,CLT,3876,STT,2883
LEX,4017,CLT,3876,SXM,2899
LEX,4017,CLT,3876,SYR,3745
LEX,4017,CLT,3876,TLH,3698
LEX,4017,CLT,3876,TPA,3646
LEX,4017,CLT,3876,TRI,4116
LEX,4017,CLT,3876,TYS,3676
LEX,4017,CLT,3876,UVF,2894
LEX,4017,CLT,3876,VPS,3873
LEX,4017,CLT,3876,XNA,4356
LEX,4017,CLT,3876,YOW,100
LEX,4017,CLT,3876,YUL,146
LEX,4017,CLT,3876,YYZ,193
LEX,4017,DCA,3520,AGS,3658
LEX,4017,DCA,3520,ALB,3864
LEX,4017,DCA,3520,BDL,3825
LEX,4017,DCA,3520,BGR,3463
LEX,4017,DCA,3520,BHM,3811
LEX,4017,DCA,3520,BNA,3690
LEX,4017,DCA,3520,BOS,3448
LEX,4017,DCA,3520,BTV,3711
LEX,4017,DCA,3520,BUF,3820
LEX,4017,DCA,3520,CAE,3561
LEX,4017,DCA,3520,CAK,4112
LEX,4017,DCA,3520,CHA,3578
LEX,4017,DCA,3520,CHS,3806
LEX,4017,DCA,3520,CLT,3876
LEX,4017,DCA,3520,CMH,3759
LEX,4017,DCA,3520,CRW,4285
LEX,4017,DCA,3520,CVG,3488
LEX,4017,DCA,3520,DAY,3627
LEX,4017,DCA,3520,DFW,3670
LEX,4017,DCA,3520,DSM,3729
LEX,4017,DCA,3520,DTW,3645
LEX,4017,DCA,3520,FAY,5738
LEX,4017,DCA,3520,FLL,3533
LEX,4017,DCA,3520,GSO,4008
LEX,4017,DCA,3520,GSP,4034
LEX,4017,DCA,3520,HHH,8314
LEX,4017,DCA,3520,HPN,3589
LEX,4017,DCA,3520,HSV,4113
LEX,4017,DCA,3520,ILM,3845
LEX,4017,DCA,3520,IND,3585
LEX,4017,DCA,3520,ISP,3857
LEX,4017,DCA,3520,JAN,3580
LEX,4017,DCA,3520,JAX,3712
LEX,4017,DCA,3520,JFK,3797
LEX,4017,DCA,3520,LAS,3877
LEX,4017,DCA,3520,LAX,3484
LEX,4017,DCA,3520,LGA,3697
LEX,4017,DCA,3520,LIT,3660
LEX,4017,DCA,3520,MCI,3458
LEX,4017,DCA,3520,MCO,3878
LEX,4017,DCA,3520,MEM,3473
LEX,4017,DCA,3520,MHT,4011
LEX,4017,DCA,3520,MIA,3576
LEX,4017,DCA,3520,MSP,3858
LEX,4017,DCA,3520,MSY,3861
LEX,4017,DCA,3520,MYR,3515
LEX,4017,DCA,3520,NAS,1953
LEX,4017,DCA,3520,OAJ,4386
LEX,4017,DCA,3520,OMA,3454
LEX,4017,DCA,3520,ORD,3830
LEX,4017,DCA,3520,ORF,3611
LEX,4017,DCA,3520,PBI,3722
LEX,4017,DCA,3520,PHL,3752
LEX,4017,DCA,3520,PHX,3462
LEX,4017,DCA,3520,PIT,3570
LEX,4017,DCA,3520,PNS,3564
LEX,4017,DCA,3520,PVD,3641
LEX,4017,DCA,3520,PWM,3862
LEX,4017,DCA,3520,RDU,3626
LEX,4017,DCA,3520,ROC,3622
LEX,4017,DCA,3520,RSW,3793
LEX,4017,DCA,3520,SAN,3731
LEX,4017,DCA,3520,SAV,3613
LEX,4017,DCA,3520,SDF,4014
LEX,4017,DCA,3520,SRQ,4067
LEX,4017,DCA,3520,STL,3678
LEX,4017,DCA,3520,SYR,3745
LEX,4017,DCA,3520,TLH,3698
LEX,4017,DCA,3520,TPA,3646
LEX,4017,DCA,3520,TYS,3676
LEX,4017,DCA,3520,VPS,3873
LEX,4017,DCA,3520,YHZ,73
LEX,4017,DCA,3520,YUL,146
LEX,4017,DCA,3520,YYZ,193
LEX,4017,DFW,3670,ABI,3718
LEX,4017,DFW,3670,ABQ,4019
LEX,4017,DFW,3670,ACT,3700
LEX,4017,DFW,3670,AEX,3852
LEX,4017,DFW,3670,AGU,1785
LEX,4017,DFW,3670,AMA,3840
LEX,4017,DFW,3670,ATL,3682
LEX,4017,DFW,3670,AUS,3673
LEX,4017,DFW,3670,BDL,3825
LEX,4017,DFW,3670,BHM,3811
LEX,4017,DFW,3670,BJX,1815
LEX,4017,DFW,3670,BMI,4037
LEX,4017,DFW,3670,BNA,3690
LEX,4017,DFW,3670,BOG,2709
LEX,4017,DFW,3670,BOS,3448
LEX,4017,DFW,3670,BPT,3612
LEX,4017,DFW,3670,BRO,3738
LEX,4017,DFW,3670,BTR,3846
LEX,4017,DFW,3670,BWI,3849
LEX,4017,DFW,3670,BZE,1957
LEX,4017,DFW,3670,CAE,3561
LEX,4017,DFW,3670,CDG,1382
LEX,4017,DFW,3670,CHA,3578
LEX,4017,DFW,3670,CHS,3806
LEX,4017,DFW,3670,CID,4043
LEX,4017,DFW,3670,CLE,3486
LEX,4017,DFW,3670,CLL,3715
LEX,4017,DFW,3670,CLT,3876
LEX,4017,DFW,3670,CMH,3759
LEX,4017,DFW,3670,CMI,4049
LEX,4017,DFW,3670,COS,3819
LEX,4017,DFW,3670,COU,3719
LEX,4017,DFW,3670,CRP,3744
LEX,4017,DFW,3670,CRW,4285
LEX,4017,DFW,3670,CUN,1852
LEX,4017,DFW,3670,CUU,1797
LEX,4017,DFW,3670,CVG,3488
LEX,4017,DFW,3670,CZM,1800
LEX,4017,DFW,3670,DAY,3627
LEX,4017,DFW,3670,DCA,3520
LEX,4017,DFW,3670,DEN,3751
LEX,4017,DFW,3670,DRO,3713
LEX,4017,DFW,3670,DSM,3729
LEX,4017,DFW,3670,DTW,3645
LEX,4017,DFW,3670,ELP,3559
LEX,4017,DFW,3670,EVV,4018
LEX,4017,DFW,3670,EWR,3494
LEX,4017,DFW,3670,FAR,4292
LEX,4017,DFW,3670,FAT,3687
LEX,4017,DFW,3670,FLL,3533
LEX,4017,DFW,3670,FRA,340
LEX,4017,DFW,3670,FSD,4009
LEX,4017,DFW,3670,FSM,3437
LEX,4017,DFW,3670,FWA,4041
LEX,4017,DFW,3670,GCK,3497
LEX,4017,DFW,3670,GDL,1804
LEX,4017,DFW,3670,GGG,3465
LEX,4017,DFW,3670,GIG,2560
LEX,4017,DFW,3670,GJT,4063
LEX,4017,DFW,3670,GPT,4038
LEX,4017,DFW,3670,GRI,5740
LEX,4017,DFW,3670,GRK,3775
LEX,4017,DFW,3670,GRR,3685
LEX,4017,DFW,3670,GRU,2564
LEX,4017,DFW,3670,GSO,4008
LEX,4017,DFW,3670,GSP,4034
LEX,4017,DFW,3670,GUA,1767
LEX,4017,DFW,3670,HNL,3728
LEX,4017,DFW,3670,HOU,3566
LEX,4017,DFW,3670,HSV,4113
LEX,4017,DFW,3670,IAD,3714
LEX,4017,DFW,3670,IAH,3550
LEX,4017,DFW,3670,ICN,3930
LEX,4017,DFW,3670,ICT,3457
LEX,4017,DFW,3670,IND,3585
LEX,4017,DFW,3670,JAN,3580
LEX,4017,DFW,3670,JAX,3712
LEX,4017,DFW,3670,JFK,3797
LEX,4017,DFW,3670,JLN,4354
LEX,4017,DFW,3670,LAS,3877
LEX,4017,DFW,3670,LAW,4256
LEX,4017,DFW,3670,LAX,3484
LEX,4017,DFW,3670,LBB,3829
LEX,4017,DFW,3670,LCH,3513
LEX,4017,DFW,3670,LEX,4017
LEX,4017,DFW,3670,LFT,3493
LEX,4017,DFW,3670,LGA,3697
LEX,4017,DFW,3670,LHR,507
LEX,4017,DFW,3670,LIM,2789
LEX,4017,DFW,3670,LIR,1881
LEX,4017,DFW,3670,LIT,3660
LEX,4017,DFW,3670,LRD,3691
LEX,4017,DFW,3670,MAD,1229
LEX,4017,DFW,3670,MAF,3652
LEX,4017,DFW,3670,MBJ,1780
LEX,4017,DFW,3670,MCI,3458
LEX,4017,DFW,3670,MCO,3878
LEX,4017,DFW,3670,MEM,3473
LEX,4017,DFW,3670,MEX,1824
LEX,4017,DFW,3670,MFE,3826
LEX,4017,DFW,3670,MGM,4115
LEX,4017,DFW,3670,MHK,4050
LEX,4017,DFW,3670,MIA,3576
LEX,4017,DFW,3670,MKE,3717
LEX,4017,DFW,3670,MLI,4072
LEX,4017,DFW,3670,MLM,1821
LEX,4017,DFW,3670,MLU,3732
LEX,4017,DFW,3670,MOB,3782
LEX,4017,DFW,3670,MSN,3459
LEX,4017,DFW,3670,MSP,3858
LEX,4017,DFW,3670,MSY,3861
LEX,4017,DFW,3670,MTY,1825
LEX,4017,DFW,3670,MZT,1826
LEX,4017,DFW,3670,NAS,1953
LEX,4017,DFW,3670,NRT,2279
LEX,4017,DFW,3670,OGG,3456
LEX,4017,DFW,3670,OKC,3863
LEX,4017,DFW,3670,OMA,3454
LEX,4017,DFW,3670,ONT,3734
LEX,4017,DFW,3670,ORD,3830
LEX,4017,DFW,3670,ORF,3611
LEX,4017,DFW,3670,PBC,1831
LEX,4017,DFW,3670,PBI,3722
LEX,4017,DFW,3670,PDX,3720
LEX,4017,DFW,3670,PHL,3752
LEX,4017,DFW,3670,PHX,3462
LEX,4017,DFW,3670,PIA,4046
LEX,4017,DFW,3670,PIT,3570
LEX,4017,DFW,3670,PLS,1754
LEX,4017,DFW,3670,PNS,3564
LEX,4017,DFW,3670,PSP,3839
LEX,4017,DFW,3670,PTY,1871
LEX,4017,DFW,3670,PVR,1836
LEX,4017,DFW,3670,QRO,1838
LEX,4017,DFW,3670,RAP,4087
LEX,4017,DFW,3670,RDU,3626
LEX,4017,DFW,3670,RIC,3608
LEX,4017,DFW,3670,RNO,3807
LEX,4017,DFW,3670,ROW,3736
LEX,4017,DFW,3670,RSW,3793
LEX,4017,DFW,3670,RTB,1774
LEX,4017,DFW,3670,SAF,3784
LEX,4017,DFW,3670,SAL,1892
LEX,4017,DFW,3670,SAN,3731
LEX,4017,DFW,3670,SAT,3621
LEX,4017,DFW,3670,SAV,3613
LEX,4017,DFW,3670,SCL,2650
LEX,4017,DFW,3670,SDF,4014
LEX,4017,DFW,3670,SEA,3577
LEX,4017,DFW,3670,SFO,3469
LEX,4017,DFW,3670,SGF,4348
LEX,4017,DFW,3670,SHV,3609
LEX,4017,DFW,3670,SJC,3748
LEX,4017,DFW,3670,SJD,1840
LEX,4017,DFW,3670,SJO,1885
LEX,4017,DFW,3670,SJT,3708
LEX,4017,DFW,3670,SJU,2890
LEX,4017,DFW,3670,SLC,3536
LEX,4017,DFW,3670,SLP,1842
LEX,4017,DFW,3670,SMF,3817
LEX,4017,DFW,3670,SNA,3867
LEX,4017,DFW,3670,SPI,4336
LEX,4017,DFW,3670,SPS,3680
LEX,4017,DFW,3670,STL,3678
LEX,4017,DFW,3670,TLH,3698
LEX,4017,DFW,3670,TPA,3646
LEX,4017,DFW,3670,TRC,1845
LEX,4017,DFW,3670,TUL,3855
LEX,4017,DFW,3670,TUS,3636
LEX,4017,DFW,3670,TXK,3770
LEX,4017,DFW,3670,TYR,3848
LEX,4017,DFW,3670,TYS,3676
LEX,4017,DFW,3670,VPS,3873
LEX,4017,DFW,3670,XNA,4356
LEX,4017,DFW,3670,YEG,49
LEX,4017,DFW,3670,YUL,146
LEX,4017,DFW,3670,YVR,156
LEX,4017,DFW,3670,YYC,178
LEX,4017,DFW,3670,YYZ,193
LEX,4017,DFW,3670,ZCL,1855
LEX,4017,DTW,3645,CLT,3876
LEX,4017,DTW,3645,DCA,3520
LEX,4017,DTW,3645,DFW,3670
LEX,4017,DTW,3645,LGA,3697
LEX,4017,DTW,3645,MIA,3576
LEX,4017,DTW,3645,ORD,3830
LEX,4017,DTW,3645,PHL,3752
LEX,4017,DTW,3645,PHX,3462
LEX,4017,DTW,3645,YUL,146
LEX,4017,FLL,3533,BOG,2709
LEX,4017,FLL,3533,CLT,3876
LEX,4017,FLL,3533,DCA,3520
LEX,4017,FLL,3533,DFW,3670
LEX,4017,FLL,3533,ORD,3830
LEX,4017,FLL,3533,PAP,1897
LEX,4017,FLL,3533,PHL,3752
LEX,4017,FLL,3533,PHX,3462
LEX,4017,IAH,3550,CLT,3876
LEX,4017,IAH,3550,DFW,3670
LEX,4017,IAH,3550,DOH,11051
LEX,4017,IAH,3550,IST,1701
LEX,4017,IAH,3550,LAX,3484
LEX,4017,IAH,3550,MIA,3576
LEX,4017,IAH,3550,ORD,3830
LEX,4017,IAH,3550,PHL,3752
LEX,4017,IAH,3550,PHX,3462
LEX,4017,IAH,3550,SAL,1892
LEX,4017,LGA,3697,BNA,3690
LEX,4017,LGA,3697,BOS,3448
LEX,4017,LGA,3697,CHO,4015
LEX,4017,LGA,3697,CLT,3876
LEX,4017,LGA,3697,CMH,3759
LEX,4017,LGA,3697,DAY,3627
LEX,4017,LGA,3697,DCA,3520
LEX,4017,LGA,3697,DFW,3670
LEX,4017,LGA,3697,DTW,3645
LEX,4017,LGA,3697,GSO,4008
LEX,4017,LGA,3697,ILM,3845
LEX,4017,LGA,3697,LIT,3660
LEX,4017,LGA,3697,MIA,3576
LEX,4017,LGA,3697,ORD,3830
LEX,4017,LGA,3697,ORF,3611
LEX,4017,LGA,3697,PBI,3722
LEX,4017,LGA,3697,PHL,3752
LEX,4017,LGA,3697,PIT,3570
LEX,4017,LGA,3697,RDU,3626
LEX,4017,LGA,3697,RIC,3608
LEX,4017,LGA,3697,ROA,4016
LEX,4017,LGA,3697,SDF,4014
LEX,4017,LGA,3697,STL,3678
LEX,4017,LGA,3697,TYS,3676
LEX,4017,LGA,3697,XNA,4356
LEX,4017,LGA,3697,YUL,146
LEX,4017,LGA,3697,YYZ,193
LEX,4017,MSP,3858,CLT,3876
LEX,4017,MSP,3858,DCA,3520
LEX,4017,MSP,3858,DFW,3670
LEX,4017,MSP,3858,MIA,3576
LEX,4017,MSP,3858,ORD,3830
LEX,4017,MSP,3858,PHL,3752
LEX,4017,MSP,3858,PHX,3462
LEX,4017,ORD,3830,ABQ,4019
LEX,4017,ORD,3830,ALO,5718
LEX,4017,ORD,3830,AMM,2170
LEX,4017,ORD,3830,ART,3838
LEX,4017,ORD,3830,ATL,3682
LEX,4017,ORD,3830,AUS,3673
LEX,4017,ORD,3830,AZO,4039
LEX,4017,ORD,3830,BDL,3825
LEX,4017,ORD,3830,BMI,4037
LEX,4017,ORD,3830,BNA,3690
LEX,4017,ORD,3830,BOS,3448
LEX,4017,ORD,3830,BUF,3820
LEX,4017,ORD,3830,BWI,3849
LEX,4017,ORD,3830,CDG,1382
LEX,4017,ORD,3830,CHA,3578
LEX,4017,ORD,3830,CHO,4015
LEX,4017,ORD,3830,CID,4043
LEX,4017,ORD,3830,CLE,3486
LEX,4017,ORD,3830,CLT,3876
LEX,4017,ORD,3830,CMH,3759
LEX,4017,ORD,3830,CMI,4049
LEX,4017,ORD,3830,COU,3719
LEX,4017,ORD,3830,CUN,1852
LEX,4017,ORD,3830,CVG,3488
LEX,4017,ORD,3830,CWA,4045
LEX,4017,ORD,3830,DAY,3627
LEX,4017,ORD,3830,DBQ,4388
LEX,4017,ORD,3830,DCA,3520
LEX,4017,ORD,3830,DEN,3751
LEX,4017,ORD,3830,DFW,3670
LEX,4017,ORD,3830,DSM,3729
LEX,4017,ORD,3830,DTW,3645
LEX,4017,ORD,3830,DUB,599
LEX,4017,ORD,3830,DUS,345
LEX,4017,ORD,3830,ELP,3559
LEX,4017,ORD,3830,EVV,4018
LEX,4017,ORD,3830,EWR,3494
LEX,4017,ORD,3830,FAR,4292
LEX,4017,ORD,3830,FCO,1555
LEX,4017,ORD,3830,FLL,3533
LEX,4017,ORD,3830,FNT,4089
LEX,4017,ORD,3830,FSD,4009
LEX,4017,ORD,3830,FWA,4041
LEX,4017,ORD,3830,GRB,3653
LEX,4017,ORD,3830,GRR,3685
LEX,4017,ORD,3830,HPN,3589
LEX,4017,ORD,3830,HSV,4113
LEX,4017,ORD,3830,IAH,3550
LEX,4017,ORD,3830,ICT,3457
LEX,4017,ORD,3830,IND,3585
LEX,4017,ORD,3830,IST,1701
LEX,4017,ORD,3830,JAX,3712
LEX,4017,ORD,3830,JFK,3797
LEX,4017,ORD,3830,LAS,3877
LEX,4017,ORD,3830,LAX,3484
LEX,4017,ORD,3830,LEX,4017
LEX,4017,ORD,3830,LGA,3697
LEX,4017,ORD,3830,LHR,507
LEX,4017,ORD,3830,LIT,3660
LEX,4017,ORD,3830,LSE,4044
LEX,4017,ORD,3830,MAN,478
LEX,4017,ORD,3830,MBJ,1780
LEX,4017,ORD,3830,MCI,3458
LEX,4017,ORD,3830,MCO,3878
LEX,4017,ORD,3830,MDT,3542
LEX,4017,ORD,3830,MEM,3473
LEX,4017,ORD,3830,MEX,1824
LEX,4017,ORD,3830,MHK,4050
LEX,4017,ORD,3830,MIA,3576
LEX,4017,ORD,3830,MKE,3717
LEX,4017,ORD,3830,MLI,4072
LEX,4017,ORD,3830,MQT,3675
LEX,4017,ORD,3830,MSN,3459
LEX,4017,ORD,3830,MSP,3858
LEX,4017,ORD,3830,MSY,3861
LEX,4017,ORD,3830,NRT,2279
LEX,4017,ORD,3830,OKC,3863
LEX,4017,ORD,3830,OMA,3454
LEX,4017,ORD,3830,PBI,3722
LEX,4017,ORD,3830,PDX,3720
LEX,4017,ORD,3830,PEK,3364
LEX,4017,ORD,3830,PHL,3752
LEX,4017,ORD,3830,PHX,3462
LEX,4017,ORD,3830,PIA,4046
LEX,4017,ORD,3830,PIT,3570
LEX,4017,ORD,3830,PSP,3839
LEX,4017,ORD,3830,PVG,3406
LEX,4017,ORD,3830,PVR,1836
LEX,4017,ORD,3830,RDU,3626
LEX,4017,ORD,3830,RIC,3608
LEX,4017,ORD,3830,RNO,3807
LEX,4017,ORD,3830,ROC,3622
LEX,4017,ORD,3830,RST,4048
LEX,4017,ORD,3830,RSW,3793
LEX,4017,ORD,3830,SAN,3731
LEX,4017,ORD,3830,SAT,3621
LEX,4017,ORD,3830,SDF,4014
LEX,4017,ORD,3830,SEA,3577
LEX,4017,ORD,3830,SFO,3469
LEX,4017,ORD,3830,SGF,4348
LEX,4017,ORD,3830,SJC,3748
LEX,4017,ORD,3830,SJD,1840
LEX,4017,ORD,3830,SJU,2890
LEX,4017,ORD,3830,SLC,3536
LEX,4017,ORD,3830,SNA,3867
LEX,4017,ORD,3830,STL,3678
LEX,4017,ORD,3830,SUX,3753
LEX,4017,ORD,3830,SYR,3745
LEX,4017,ORD,3830,TOL,4040
LEX,4017,ORD,3830,TPA,3646
LEX,4017,ORD,3830,TUL,3855
LEX,4017,ORD,3830,TUS,3636
LEX,4017,ORD,3830,TVC,4023
LEX,4017,ORD,3830,TYS,3676
LEX,4017,ORD,3830,XNA,4356
LEX,4017,ORD,3830,YKF,79
LEX,4017,ORD,3830,YUL,146
LEX,4017,ORD,3830,YYZ,193
LEX,4017,ATL,3682,CMH,3759
LEX,4017,ATL,3682,CUN,1852
LEX,4017,ATL,3682,CZM,1800
LEX,4017,ATL,3682,IAH,3550
LEX,4017,ATL,3682,IND,3585
LEX,4017,ATL,3682,LAX,3484
LEX,4017,ATL,3682,MEX,1824
LEX,4017,ATL,3682,MIA,3576
LEX,4017,ATL,3682,SJD,1840
LEX,4017,IAH,3550,ATL,3682
LEX,4017,IAH,3550,MTY,1825
LEX,4017,ATL,3682,ABQ,4019
LEX,4017,ATL,3682,AUS,3673
LEX,4017,ATL,3682,BHM,3811
LEX,4017,ATL,3682,BNA,3690
LEX,4017,ATL,3682,BOS,3448
LEX,4017,ATL,3682,CHS,3806
LEX,4017,ATL,3682,CLT,3876
LEX,4017,ATL,3682,CUN,1852
LEX,4017,ATL,3682,CVG,3488
LEX,4017,ATL,3682,DAL,3502
LEX,4017,ATL,3682,DEN,3751
LEX,4017,ATL,3682,DFW,3670
LEX,4017,ATL,3682,DTW,3645
LEX,4017,ATL,3682,EWR,3494
LEX,4017,ATL,3682,FLL,3533
LEX,4017,ATL,3682,GDL,1804
LEX,4017,ATL,3682,HOU,3566
LEX,4017,ATL,3682,IAD,3714
LEX,4017,ATL,3682,IAH,3550
LEX,4017,ATL,3682,IND,3585
LEX,4017,ATL,3682,JAX,3712
LEX,4017,ATL,3682,JFK,3797
LEX,4017,ATL,3682,LAS,3877
LEX,4017,ATL,3682,LAX,3484
LEX,4017,ATL,3682,LHR,507
LEX,4017,ATL,3682,MAN,478
LEX,4017,ATL,3682,MCI,3458
LEX,4017,ATL,3682,MCO,3878
LEX,4017,ATL,3682,MEM,3473
LEX,4017,ATL,3682,MEX,1824
LEX,4017,ATL,3682,MIA,3576
LEX,4017,ATL,3682,MSY,3861
LEX,4017,ATL,3682,MTY,1825
LEX,4017,ATL,3682,OKC,3863
LEX,4017,ATL,3682,ORD,3830
LEX,4017,ATL,3682,PBI,3722
LEX,4017,ATL,3682,PHX,3462
LEX,4017,ATL,3682,PNS,3564
LEX,4017,ATL,3682,RDU,3626
LEX,4017,ATL,3682,RSW,3793
LEX,4017,ATL,3682,SAN,3731
LEX,4017,ATL,3682,SAT,3621
LEX,4017,ATL,3682,SAV,3613
LEX,4017,ATL,3682,SDF,4014
LEX,4017,ATL,3682,SFO,3469
LEX,4017,ATL,3682,SJC,3748
LEX,4017,ATL,3682,SJU,2890
LEX,4017,ATL,3682,SMF,3817
LEX,4017,ATL,3682,SRQ,4067
LEX,4017,ATL,3682,STL,3678
LEX,4017,ATL,3682,TPA,3646
LEX,4017,ATL,3682,TUL,3855
LEX,4017,ATL,3682,TUS,3636
LEX,4017,CLT,3876,ATL,3682
LEX,4017,DFW,3670,ATL,3682
LEX,4017,DTW,3645,ATL,3682
LEX,4017,DTW,3645,LHR,507
LEX,4017,FLL,3533,ATL,3682
LEX,4017,IAH,3550,ATL,3682
LEX,4017,MSP,3858,LHR,507
LEX,4017,ORD,3830,ATL,3682
LEX,4017,ORD,3830,LHR,507
LEX,4017,DCA,3520,SFO,3469
LEX,4017,DFW,3670,LAX,3484
LEX,4017,DFW,3670,SFO,3469
LEX,4017,FLL,3533,LAX,3484
LEX,4017,FLL,3533,SFO,3469
LEX,4017,ORD,3830,LAX,3484
LEX,4017,ORD,3830,SFO,3469
LEX,4017,ATL,3682,AUA,2895
LEX,4017,ATL,3682,AUS,3673
LEX,4017,ATL,3682,BDL,3825
LEX,4017,ATL,3682,BOS,3448
LEX,4017,ATL,3682,BWI,3849
LEX,4017,ATL,3682,CAK,4112
LEX,4017,ATL,3682,CHS,3806
LEX,4017,ATL,3682,CMH,3759
LEX,4017,ATL,3682,CUN,1852
LEX,4017,ATL,3682,DAY,3627
LEX,4017,ATL,3682,DCA,3520
LEX,4017,ATL,3682,DEN,3751
LEX,4017,ATL,3682,DTW,3645
LEX,4017,ATL,3682,FLL,3533
LEX,4017,ATL,3682,HOU,3566
LEX,4017,ATL,3682,IND,3585
LEX,4017,ATL,3682,JAX,3712
LEX,4017,ATL,3682,LAS,3877
LEX,4017,ATL,3682,LAX,3484
LEX,4017,ATL,3682,LGA,3697
LEX,4017,ATL,3682,MBJ,1780
LEX,4017,ATL,3682,MCI,3458
LEX,4017,ATL,3682,MCO,3878
LEX,4017,ATL,3682,MDW,3747
LEX,4017,ATL,3682,MKE,3717
LEX,4017,ATL,3682,MSP,3858
LEX,4017,ATL,3682,MSY,3861
LEX,4017,ATL,3682,NAS,1953
LEX,4017,ATL,3682,OKC,3863
LEX,4017,ATL,3682,ORF,3611
LEX,4017,ATL,3682,PBI,3722
LEX,4017,ATL,3682,PHL,3752
LEX,4017,ATL,3682,PHX,3462
LEX,4017,ATL,3682,PIT,3570
LEX,4017,ATL,3682,PUJ,1760
LEX,4017,ATL,3682,RDU,3626
LEX,4017,ATL,3682,RIC,3608
LEX,4017,ATL,3682,RSW,3793
LEX,4017,ATL,3682,SAN,3731
LEX,4017,ATL,3682,SAT,3621
LEX,4017,ATL,3682,SDF,4014
LEX,4017,ATL,3682,SFO,3469
LEX,4017,ATL,3682,SJU,2890
LEX,4017,ATL,3682,STL,3678
LEX,4017,ATL,3682,TPA,3646
LEX,4017,CLT,3876,BWI,3849
LEX,4017,CLT,3876,HOU,3566
LEX,4017,CLT,3876,MCO,3878
LEX,4017,CLT,3876,MDW,3747
LEX,4017,DCA,3520,ATL,3682
LEX,4017,DCA,3520,AUS,3673
LEX,4017,DCA,3520,HOU,3566
LEX,4017,DCA,3520,MCI,3458
LEX,4017,DCA,3520,MKE,3717
LEX,4017,DCA,3520,RSW,3793
LEX,4017,DCA,3520,STL,3678
LEX,4017,DFW,3670,RSW,3793
LEX,4017,DTW,3645,ATL,3682
LEX,4017,DTW,3645,BNA,3690
LEX,4017,DTW,3645,BWI,3849
LEX,4017,DTW,3645,DEN,3751
LEX,4017,DTW,3645,LAS,3877
LEX,4017,DTW,3645,MDW,3747
LEX,4017,DTW,3645,PHX,3462
LEX,4017,DTW,3645,STL,3678
LEX,4017,FLL,3533,ALB,3864
LEX,4017,FLL,3533,ATL,3682
LEX,4017,FLL,3533,AUS,3673
LEX,4017,FLL,3533,BDL,3825
LEX,4017,FLL,3533,BNA,3690
LEX,4017,FLL,3533,BUF,3820
LEX,4017,FLL,3533,BWI,3849
LEX,4017,FLL,3533,CMH,3759
LEX,4017,FLL,3533,DEN,3751
LEX,4017,FLL,3533,HOU,3566
LEX,4017,FLL,3533,IND,3585
LEX,4017,FLL,3533,ISP,3857
LEX,4017,FLL,3533,JAX,3712
LEX,4017,FLL,3533,LAS,3877
LEX,4017,FLL,3533,MCI,3458
LEX,4017,FLL,3533,MDW,3747
LEX,4017,FLL,3533,MKE,3717
LEX,4017,FLL,3533,MSY,3861
LEX,4017,FLL,3533,PHL,3752
LEX,4017,FLL,3533,PHX,3462
LEX,4017,FLL,3533,PIT,3570
LEX,4017,FLL,3533,PVD,3641
LEX,4017,FLL,3533,RDU,3626
LEX,4017,FLL,3533,SJU,2890
LEX,4017,FLL,3533,STL,3678
LEX,4017,FLL,3533,TPA,3646
LEX,4017,LGA,3697,ATL,3682
LEX,4017,LGA,3697,BNA,3690
LEX,4017,LGA,3697,CAK,4112
LEX,4017,LGA,3697,DEN,3751
LEX,4017,LGA,3697,HOU,3566
LEX,4017,LGA,3697,MDW,3747
LEX,4017,LGA,3697,MKE,3717
LEX,4017,LGA,3697,STL,3678
LEX,4017,MSP,3858,ATL,3682
LEX,4017,MSP,3858,DEN,3751
LEX,4017,MSP,3858,MCI,3458
LEX,4017,MSP,3858,MCO,3878
LEX,4017,MSP,3858,MDW,3747
LEX,4017,MSP,3858,MKE,3717
LEX,4017,MSP,3858,PHX,3462
LEX,4017,MSP,3858,STL,3678
LEX,4017,ATL,3682,JFK,3797
LEX,4017,ATL,3682,LGA,3697
LEX,4017,ATL,3682,YYZ,193
LEX,4017,DFW,3670,YUL,146
LEX,4017,DFW,3670,YVR,156
LEX,4017,DFW,3670,YYC,178
LEX,4017,DFW,3670,YYZ,193
LEX,4017,DTW,3645,YYZ,193
LEX,4017,FLL,3533,YUL,146
LEX,4017,FLL,3533,YYZ,193
LEX,4017,LGA,3697,ATL,3682
LEX,4017,LGA,3697,MSY,3861
LEX,4017,LGA,3697,YHZ,73
LEX,4017,LGA,3697,YUL,146
LEX,4017,LGA,3697,YYZ,193
LEX,4017,MSP,3858,YUL,146
LEX,4017,MSP,3858,YYZ,193
LEX,4017,ORD,3830,YUL,146
LEX,4017,ORD,3830,YVR,156
LEX,4017,ORD,3830,YYC,178
LEX,4017,ORD,3830,YYZ,193
LEX,4017,ORD,3830,MEX,1824
LEX,4017,MSP,3858,ATY,5721
